REGION_ID,REGION_CODE,REGION_NAME,TIME_POINT,DATE,TOTAL_CO2_MED,PWR_CO2_MED,IND_CO2_MED,TRS_CO2_MED,PUB_CO2_MED,RES_CO2_MED,AVI_CO2_MED,TOTAL_CO2_LOW,PWR_CO2_LOW,IND_CO2_LOW,TRS_CO2_LOW,PUB_CO2_LOW,RES_CO2_LOW,AVI_CO2_LOW,TOTAL_CO2_HIGH,PWR_CO2_HIGH,IND_CO2_HIGH,TRS_CO2_HIGH,PUB_CO2_HIGH,RES_CO2_HIGH,AVI_CO2_HIGH
None,None,None,Days,Date,MTCO2/day,MTCO2/day,MTCO2/day,MTCO2/day,MTCO2/day,MTCO2/day,MTCO2/day,MTCO2/day,MTCO2/day,MTCO2/day,MTCO2/day,MTCO2/day,MTCO2/day,MTCO2/day,MTCO2/day,MTCO2/day,MTCO2/day,MTCO2/day,MTCO2/day,MTCO2/day,MTCO2/day
108,SAU,Saudi Arabia,1,1/1/20,0,0,0,0,0,0,0,0,0,0,0,0,0,0,0,0,0,0,0,0,0
108,SAU,Saudi Arabia,2,1/2/20,0,0,0,0,0,0,0,0,0,0,0,0,0,0,0,0,0,0,0,0,0
108,SAU,Saudi Arabia,3,1/3/20,0,0,0,0,0,0,0,0,0,0,0,0,0,0,0,0,0,0,0,0,0
108,SAU,Saudi Arabia,4,1/4/20,0,0,0,0,0,0,0,0,0,0,0,0,0,0,0,0,0,0,0,0,0
108,SAU,Saudi Arabia,5,1/5/20,0,0,0,0,0,0,0,0,0,0,0,0,0,0,0,0,0,0,0,0,0
108,SAU,Saudi Arabia,6,1/6/20,0,0,0,0,0,0,0,0,0,0,0,0,0,0,0,0,0,0,0,0,0
108,SAU,Saudi Arabia,7,1/7/20,0,0,0,0,0,0,0,0,0,0,0,0,0,0,0,0,0,0,0,0,0
108,SAU,Saudi Arabia,8,1/8/20,0,0,0,0,0,0,0,0,0,0,0,0,0,0,0,0,0,0,0,0,0
108,SAU,Saudi Arabia,9,1/9/20,0,0,0,0,0,0,0,0,0,0,0,0,0,0,0,0,0,0,0,0,0
108,SAU,Saudi Arabia,10,1/10/20,0,0,0,0,0,0,0,0,0,0,0,0,0,0,0,0,0,0,0,0,0
108,SAU,Saudi Arabia,11,1/11/20,0,0,0,0,0,0,0,0,0,0,0,0,0,0,0,0,0,0,0,0,0
108,SAU,Saudi Arabia,12,1/12/20,0,0,0,0,0,0,0,0,0,0,0,0,0,0,0,0,0,0,0,0,0
108,SAU,Saudi Arabia,13,1/13/20,0,0,0,0,0,0,0,0,0,0,0,0,0,0,0,0,0,0,0,0,0
108,SAU,Saudi Arabia,14,1/14/20,0,0,0,0,0,0,0,0,0,0,0,0,0,0,0,0,0,0,0,0,0
108,SAU,Saudi Arabia,15,1/15/20,0,0,0,0,0,0,0,0,0,0,0,0,0,0,0,0,0,0,0,0,0
108,SAU,Saudi Arabia,16,1/16/20,0,0,0,0,0,0,0,0,0,0,0,0,0,0,0,0,0,0,0,0,0
108,SAU,Saudi Arabia,17,1/17/20,0,0,0,0,0,0,0,0,0,0,0,0,0,0,0,0,0,0,0,0,0
108,SAU,Saudi Arabia,18,1/18/20,0,0,0,0,0,0,0,0,0,0,0,0,0,0,0,0,0,0,0,0,0
108,SAU,Saudi Arabia,19,1/19/20,0,0,0,0,0,0,0,0,0,0,0,0,0,0,0,0,0,0,0,0,0
108,SAU,Saudi Arabia,20,1/20/20,0,0,0,0,0,0,0,0,0,0,0,0,0,0,0,0,0,0,0,0,0
108,SAU,Saudi Arabia,21,1/21/20,0,0,0,0,0,0,0,0,0,0,0,0,0,0,0,0,0,0,0,0,0
108,SAU,Saudi Arabia,22,1/22/20,0,0,0,0,0,0,0,0,0,0,0,0,0,0,0,0,0,0,0,0,0
108,SAU,Saudi Arabia,23,1/23/20,0,0,0,0,0,0,0,0,0,0,0,0,0,0,0,0,0,0,0,0,0
108,SAU,Saudi Arabia,24,1/24/20,0,0,0,0,0,0,0,0,0,0,0,0,0,0,0,0,0,0,0,0,0
108,SAU,Saudi Arabia,25,1/25/20,0,0,0,0,0,0,0,0,0,0,0,0,0,0,0,0,0,0,0,0,0
108,SAU,Saudi Arabia,26,1/26/20,0,0,0,0,0,0,0,0,0,0,0,0,0,0,0,0,0,0,0,0,0
108,SAU,Saudi Arabia,27,1/27/20,0,0,0,0,0,0,0,0,0,0,0,0,0,0,0,0,0,0,0,0,0
108,SAU,Saudi Arabia,28,1/28/20,0,0,0,0,0,0,0,0,0,0,0,0,0,0,0,0,0,0,0,0,0
108,SAU,Saudi Arabia,29,1/29/20,0,0,0,0,0,0,0,0,0,0,0,0,0,0,0,0,0,0,0,0,0
108,SAU,Saudi Arabia,30,1/30/20,0,0,0,0,0,0,0,0,0,0,0,0,0,0,0,0,0,0,0,0,0
108,SAU,Saudi Arabia,31,1/31/20,0,0,0,0,0,0,0,0,0,0,0,0,0,0,0,0,0,0,0,0,0
108,SAU,Saudi Arabia,32,2/1/20,0,0,0,0,0,0,0,0,0,0,0,0,0,0,0,0,0,0,0,0,0
108,SAU,Saudi Arabia,33,2/2/20,0,0,0,0,0,0,0,0,0,0,0,0,0,0,0,0,0,0,0,0,0
108,SAU,Saudi Arabia,34,2/3/20,0,0,0,0,0,0,0,0,0,0,0,0,0,0,0,0,0,0,0,0,0
108,SAU,Saudi Arabia,35,2/4/20,0,0,0,0,0,0,0,0,0,0,0,0,0,0,0,0,0,0,0,0,0
108,SAU,Saudi Arabia,36,2/5/20,0,0,0,0,0,0,0,0,0,0,0,0,0,0,0,0,0,0,0,0,0
108,SAU,Saudi Arabia,37,2/6/20,0,0,0,0,0,0,0,0,0,0,0,0,0,0,0,0,0,0,0,0,0
108,SAU,Saudi Arabia,38,2/7/20,0,0,0,0,0,0,0,0,0,0,0,0,0,0,0,0,0,0,0,0,0
108,SAU,Saudi Arabia,39,2/8/20,0,0,0,0,0,0,0,0,0,0,0,0,0,0,0,0,0,0,0,0,0
108,SAU,Saudi Arabia,40,2/9/20,0,0,0,0,0,0,0,0,0,0,0,0,0,0,0,0,0,0,0,0,0
108,SAU,Saudi Arabia,41,2/10/20,0,0,0,0,0,0,0,0,0,0,0,0,0,0,0,0,0,0,0,0,0
108,SAU,Saudi Arabia,42,2/11/20,0,0,0,0,0,0,0,0,0,0,0,0,0,0,0,0,0,0,0,0,0
108,SAU,Saudi Arabia,43,2/12/20,0,0,0,0,0,0,0,0,0,0,0,0,0,0,0,0,0,0,0,0,0
108,SAU,Saudi Arabia,44,2/13/20,0,0,0,0,0,0,0,0,0,0,0,0,0,0,0,0,0,0,0,0,0
108,SAU,Saudi Arabia,45,2/14/20,0,0,0,0,0,0,0,0,0,0,0,0,0,0,0,0,0,0,0,0,0
108,SAU,Saudi Arabia,46,2/15/20,0,0,0,0,0,0,0,0,0,0,0,0,0,0,0,0,0,0,0,0,0
108,SAU,Saudi Arabia,47,2/16/20,0,0,0,0,0,0,0,0,0,0,0,0,0,0,0,0,0,0,0,0,0
108,SAU,Saudi Arabia,48,2/17/20,0,0,0,0,0,0,0,0,0,0,0,0,0,0,0,0,0,0,0,0,0
108,SAU,Saudi Arabia,49,2/18/20,0,0,0,0,0,0,0,0,0,0,0,0,0,0,0,0,0,0,0,0,0
108,SAU,Saudi Arabia,50,2/19/20,0,0,0,0,0,0,0,0,0,0,0,0,0,0,0,0,0,0,0,0,0
108,SAU,Saudi Arabia,51,2/20/20,0,0,0,0,0,0,0,0,0,0,0,0,0,0,0,0,0,0,0,0,0
108,SAU,Saudi Arabia,52,2/21/20,0,0,0,0,0,0,0,0,0,0,0,0,0,0,0,0,0,0,0,0,0
108,SAU,Saudi Arabia,53,2/22/20,0,0,0,0,0,0,0,0,0,0,0,0,0,0,0,0,0,0,0,0,0
108,SAU,Saudi Arabia,54,2/23/20,0,0,0,0,0,0,0,0,0,0,0,0,0,0,0,0,0,0,0,0,0
108,SAU,Saudi Arabia,55,2/24/20,-0.0140066535303562,0,-0.00661425344922664,-0.00622517901568807,0,0,-0.00116722106544151,-0.000462024985113686,0,0,-0.000462024985113686,0,0,0,-0.0281348925992607,0,-0.0132285068984532,-0.011988333080686,0,0,-0.00291805262012141
108,SAU,Saudi Arabia,56,2/25/20,-0.0280133070607124,0,-0.0132285068984532,-0.0124503580313761,0,0,-0.00233444213088302,-0.000924049970227372,0,0,-0.000924049970227372,0,0,0,-0.0562697851985214,0,-0.0264570137969065,-0.023976666161372,0,0,-0.00583610524024282
108,SAU,Saudi Arabia,57,2/26/20,-0.0420199605910686,0,-0.0198427603476799,-0.0186755370470642,0,0,-0.00350166319632454,-0.00138607495534105,0,0,-0.00138607495534105,0,0,0,-0.0844046777977821,0,-0.0396855206953598,-0.0359649992420579,0,0,-0.00875415786036423
108,SAU,Saudi Arabia,58,2/27/20,-0.0560266141214249,0,-0.0264570137969065,-0.0249007160627522,0,0,-0.00466888426176605,-0.00184809994045474,0,0,-0.00184809994045474,0,0,0,-0.112539570397042,0,-0.0529140275938131,-0.047953332322744,0,0,-0.0116722104804856
108,SAU,Saudi Arabia,59,2/28/20,-0.0700332676517811,0,-0.0330712672461332,-0.0311258950784403,0,0,-0.00583610532720756,-0.00231012492556843,0,0,-0.00231012492556843,0,0,0,-0.140674462996303,0,-0.0661425344922664,-0.0599416654034299,0,0,-0.014590263100607
108,SAU,Saudi Arabia,60,2/29/20,-0.0840399211821373,0,-0.0396855206953598,-0.0373510740941284,0,0,-0.00700332639264908,-0.00277214991068211,0,0,-0.00277214991068211,0,0,0,-0.168809355595564,0,-0.0793710413907197,-0.0719299984841159,0,0,-0.0175083157207284
108,SAU,Saudi Arabia,61,3/1/20,-0.0980465747124936,0,-0.0462997741445865,-0.0435762531098165,0,0,-0.00817054745809059,-0.0032341748957958,0,0,-0.0032341748957958,0,0,0,-0.196944248194824,0,-0.092599548289173,-0.083918331564802,0,0,-0.0204263683408498
108,SAU,Saudi Arabia,62,3/2/20,-0.0980465747124936,0,-0.0462997741445865,-0.0435762531098165,0,0,-0.00817054745809059,-0.0032341748957958,0,0,-0.0032341748957958,0,0,0,-0.196944248194824,0,-0.092599548289173,-0.083918331564802,0,0,-0.0204263683408498
108,SAU,Saudi Arabia,63,3/3/20,-0.0980465747124936,0,-0.0462997741445865,-0.0435762531098165,0,0,-0.00817054745809059,-0.0032341748957958,0,0,-0.0032341748957958,0,0,0,-0.196944248194824,0,-0.092599548289173,-0.083918331564802,0,0,-0.0204263683408498
108,SAU,Saudi Arabia,64,3/4/20,-0.0980465747124936,0,-0.0462997741445865,-0.0435762531098165,0,0,-0.00817054745809059,-0.0032341748957958,0,0,-0.0032341748957958,0,0,0,-0.196944248194824,0,-0.092599548289173,-0.083918331564802,0,0,-0.0204263683408498
108,SAU,Saudi Arabia,65,3/5/20,-0.0980465747124936,0,-0.0462997741445865,-0.0435762531098165,0,0,-0.00817054745809059,-0.0032341748957958,0,0,-0.0032341748957958,0,0,0,-0.196944248194824,0,-0.092599548289173,-0.083918331564802,0,0,-0.0204263683408498
108,SAU,Saudi Arabia,66,3/6/20,-0.0980465747124936,0,-0.0462997741445865,-0.0435762531098165,0,0,-0.00817054745809059,-0.0032341748957958,0,0,-0.0032341748957958,0,0,0,-0.196944248194824,0,-0.092599548289173,-0.083918331564802,0,0,-0.0204263683408498
108,SAU,Saudi Arabia,67,3/7/20,-0.0980465747124936,0,-0.0462997741445865,-0.0435762531098165,0,0,-0.00817054745809059,-0.0032341748957958,0,0,-0.0032341748957958,0,0,0,-0.196944248194824,0,-0.092599548289173,-0.083918331564802,0,0,-0.0204263683408498
108,SAU,Saudi Arabia,68,3/8/20,-0.0980465747124936,0,-0.0462997741445865,-0.0435762531098165,0,0,-0.00817054745809059,-0.0032341748957958,0,0,-0.0032341748957958,0,0,0,-0.196944248194824,0,-0.092599548289173,-0.083918331564802,0,0,-0.0204263683408498
108,SAU,Saudi Arabia,69,3/9/20,-0.0980465747124936,0,-0.0462997741445865,-0.0435762531098165,0,0,-0.00817054745809059,-0.0032341748957958,0,0,-0.0032341748957958,0,0,0,-0.196944248194824,0,-0.092599548289173,-0.083918331564802,0,0,-0.0204263683408498
108,SAU,Saudi Arabia,70,3/10/20,-0.0980465747124936,0,-0.0462997741445865,-0.0435762531098165,0,0,-0.00817054745809059,-0.0032341748957958,0,0,-0.0032341748957958,0,0,0,-0.196944248194824,0,-0.092599548289173,-0.083918331564802,0,0,-0.0204263683408498
108,SAU,Saudi Arabia,71,3/11/20,-0.126497588909296,-0.00603064222466625,-0.0496069011155999,-0.0594796402461985,0,0,-0.0113804053228311,-0.0251074108857252,0,0,-0.0217881259624609,0,-0.000109426971558989,-0.00320985795170534,-0.240727196695999,-0.0180919271233166,-0.102520927723812,-0.0971711531910415,0,0.000109426971558989,-0.0230526156293873
108,SAU,Saudi Arabia,72,3/12/20,-0.154948603106098,-0.0120612844493325,-0.0529140280866134,-0.0753830273825807,0,0,-0.0145902631875718,-0.0469806468756547,0,0,-0.040342077029126,0,-0.000218853943117979,-0.00641971590341069,-0.284510145197173,-0.0361838542466332,-0.112442307158452,-0.110423974817281,0,0.000218853943117979,-0.0256788629179248
108,SAU,Saudi Arabia,73,3/13/20,-0.1833996173029,-0.0180919266739987,-0.0562211550576269,-0.0912864145189627,0,0,-0.0178001210523124,-0.0688538828655841,0,0,-0.0588960280957911,0,-0.000328280914676969,-0.00962957385511604,-0.328293093698347,-0.0542757813699498,-0.122363686593091,-0.12367679644352,0,0.000328280914676969,-0.0283051102064622
108,SAU,Saudi Arabia,74,3/14/20,-0.211850631499703,-0.024122568898665,-0.0595282820286403,-0.107189801655344,0,0,-0.021009978917053,-0.0907271188555136,0,0,-0.0774499791624562,0,-0.000437707886235959,-0.0128394318068213,-0.372076042199521,-0.0723677084932664,-0.132285066027731,-0.13692961806976,0,0.000437707886235959,-0.0309313574949997
108,SAU,Saudi Arabia,75,3/15/20,-0.240301645696505,-0.0301532111233312,-0.0628354089996538,-0.123093188791726,0,0,-0.0242198367817936,-0.112600354845443,0,0,-0.0960039302291213,0,-0.000547134857794948,-0.0160492897585267,-0.415858990700695,-0.090459635616583,-0.14220644546237,-0.150182439695999,0,0.000547134857794948,-0.0335576047835372
108,SAU,Saudi Arabia,76,3/16/20,-0.268752659893308,-0.0361838533479975,-0.0661425359706673,-0.138996575928109,0,0,-0.0274296946465342,-0.134473590835372,0,0,-0.114557881295786,0,-0.000656561829353938,-0.019259147710232,-0.45964193920187,-0.108551562739899,-0.15212782489701,-0.163435261322239,0,0.000656561829353938,-0.0361838520720747
108,SAU,Saudi Arabia,77,3/17/20,-0.29720367409011,-0.0422144955726637,-0.0694496629416807,-0.154899963064491,0,0,-0.0306395525112748,-0.156346826825301,0,0,-0.133111832362451,0,-0.000765988800912928,-0.0224690056619374,-0.503424887703044,-0.126643489863216,-0.162049204331649,-0.176688082948478,0,0.000765988800912928,-0.0388100993606121
108,SAU,Saudi Arabia,78,3/18/20,-0.29720367409011,-0.0422144955726637,-0.0694496629416807,-0.154899963064491,0,0,-0.0306395525112748,-0.156346826825301,0,0,-0.133111832362451,0,-0.000765988800912928,-0.0224690056619374,-0.503424887703044,-0.126643489863216,-0.162049204331649,-0.176688082948478,0,0.000765988800912928,-0.0388100993606121
108,SAU,Saudi Arabia,79,3/19/20,-0.29720367409011,-0.0422144955726637,-0.0694496629416807,-0.154899963064491,0,0,-0.0306395525112748,-0.156346826825301,0,0,-0.133111832362451,0,-0.000765988800912928,-0.0224690056619374,-0.503424887703044,-0.126643489863216,-0.162049204331649,-0.176688082948478,0,0.000765988800912928,-0.0388100993606121
108,SAU,Saudi Arabia,80,3/20/20,-0.29720367409011,-0.0422144955726637,-0.0694496629416807,-0.154899963064491,0,0,-0.0306395525112748,-0.156346826825301,0,0,-0.133111832362451,0,-0.000765988800912928,-0.0224690056619374,-0.503424887703044,-0.126643489863216,-0.162049204331649,-0.176688082948478,0,0.000765988800912928,-0.0388100993606121
108,SAU,Saudi Arabia,81,3/21/20,-0.29720367409011,-0.0422144955726637,-0.0694496629416807,-0.154899963064491,0,0,-0.0306395525112748,-0.156346826825301,0,0,-0.133111832362451,0,-0.000765988800912928,-0.0224690056619374,-0.503424887703044,-0.126643489863216,-0.162049204331649,-0.176688082948478,0,0.000765988800912928,-0.0388100993606121
108,SAU,Saudi Arabia,82,3/22/20,-0.29720367409011,-0.0422144955726637,-0.0694496629416807,-0.154899963064491,0,0,-0.0306395525112748,-0.156346826825301,0,0,-0.133111832362451,0,-0.000765988800912928,-0.0224690056619374,-0.503424887703044,-0.126643489863216,-0.162049204331649,-0.176688082948478,0,0.000765988800912928,-0.0388100993606121
108,SAU,Saudi Arabia,83,3/23/20,-0.29720367409011,-0.0422144955726637,-0.0694496629416807,-0.154899963064491,0,0,-0.0306395525112748,-0.156346826825301,0,0,-0.133111832362451,0,-0.000765988800912928,-0.0224690056619374,-0.503424887703044,-0.126643489863216,-0.162049204331649,-0.176688082948478,0,0.000765988800912928,-0.0388100993606121
108,SAU,Saudi Arabia,84,3/24/20,-0.29720367409011,-0.0422144955726637,-0.0694496629416807,-0.154899963064491,0,0,-0.0306395525112748,-0.156346826825301,0,0,-0.133111832362451,0,-0.000765988800912928,-0.0224690056619374,-0.503424887703044,-0.126643489863216,-0.162049204331649,-0.176688082948478,0,0.000765988800912928,-0.0388100993606121
108,SAU,Saudi Arabia,85,3/25/20,-0.29720367409011,-0.0422144955726637,-0.0694496629416807,-0.154899963064491,0,0,-0.0306395525112748,-0.156346826825301,0,0,-0.133111832362451,0,-0.000765988800912928,-0.0224690056619374,-0.503424887703044,-0.126643489863216,-0.162049204331649,-0.176688082948478,0,0.000765988800912928,-0.0388100993606121
108,SAU,Saudi Arabia,86,3/26/20,-0.29720367409011,-0.0422144955726637,-0.0694496629416807,-0.154899963064491,0,0,-0.0306395525112748,-0.156346826825301,0,0,-0.133111832362451,0,-0.000765988800912928,-0.0224690056619374,-0.503424887703044,-0.126643489863216,-0.162049204331649,-0.176688082948478,0,0.000765988800912928,-0.0388100993606121
108,SAU,Saudi Arabia,87,3/27/20,-0.29720367409011,-0.0422144955726637,-0.0694496629416807,-0.154899963064491,0,0,-0.0306395525112748,-0.156346826825301,0,0,-0.133111832362451,0,-0.000765988800912928,-0.0224690056619374,-0.503424887703044,-0.126643489863216,-0.162049204331649,-0.176688082948478,0,0.000765988800912928,-0.0388100993606121
108,SAU,Saudi Arabia,88,3/28/20,-0.29720367409011,-0.0422144955726637,-0.0694496629416807,-0.154899963064491,0,0,-0.0306395525112748,-0.156346826825301,0,0,-0.133111832362451,0,-0.000765988800912928,-0.0224690056619374,-0.503424887703044,-0.126643489863216,-0.162049204331649,-0.176688082948478,0,0.000765988800912928,-0.0388100993606121
108,SAU,Saudi Arabia,89,3/29/20,-0.29720367409011,-0.0422144955726637,-0.0694496629416807,-0.154899963064491,0,0,-0.0306395525112748,-0.156346826825301,0,0,-0.133111832362451,0,-0.000765988800912928,-0.0224690056619374,-0.503424887703044,-0.126643489863216,-0.162049204331649,-0.176688082948478,0,0.000765988800912928,-0.0388100993606121
108,SAU,Saudi Arabia,90,3/30/20,-0.29720367409011,-0.0422144955726637,-0.0694496629416807,-0.154899963064491,0,0,-0.0306395525112748,-0.156346826825301,0,0,-0.133111832362451,0,-0.000765988800912928,-0.0224690056619374,-0.503424887703044,-0.126643489863216,-0.162049204331649,-0.176688082948478,0,0.000765988800912928,-0.0388100993606121
108,SAU,Saudi Arabia,91,3/31/20,-0.29720367409011,-0.0422144955726637,-0.0694496629416807,-0.154899963064491,0,0,-0.0306395525112748,-0.156346826825301,0,0,-0.133111832362451,0,-0.000765988800912928,-0.0224690056619374,-0.503424887703044,-0.126643489863216,-0.162049204331649,-0.176688082948478,0,0.000765988800912928,-0.0388100993606121
108,SAU,Saudi Arabia,92,4/1/20,-0.29720367409011,-0.0422144955726637,-0.0694496629416807,-0.154899963064491,0,0,-0.0306395525112748,-0.156346826825301,0,0,-0.133111832362451,0,-0.000765988800912928,-0.0224690056619374,-0.503424887703044,-0.126643489863216,-0.162049204331649,-0.176688082948478,0,0.000765988800912928,-0.0388100993606121
108,SAU,Saudi Arabia,93,4/2/20,-0.29720367409011,-0.0422144955726637,-0.0694496629416807,-0.154899963064491,0,0,-0.0306395525112748,-0.156346826825301,0,0,-0.133111832362451,0,-0.000765988800912928,-0.0224690056619374,-0.503424887703044,-0.126643489863216,-0.162049204331649,-0.176688082948478,0,0.000765988800912928,-0.0388100993606121
108,SAU,Saudi Arabia,94,4/3/20,-0.32768516658055,-0.0542757804713141,-0.0826781688545335,-0.160201091714986,0,0.000109426971558989,-0.0306395525112748,-0.181746045901837,-0.00603064222466625,-0.0165356333766664,-0.135762397477629,0,-0.000656561829353938,-0.0227608109935213,-0.532301449208016,-0.138704773413913,-0.168663457288076,-0.18729034024947,0,0.000875415772471918,-0.0385182940290282
108,SAU,Saudi Arabia,95,4/4/20,-0.35816665907099,-0.0663370653699644,-0.0959066747673862,-0.165502220365482,0,0.000218853943117979,-0.0306395525112748,-0.207145264978372,-0.0120612844493325,-0.0330712667533329,-0.138412962592806,0,-0.000547134857794948,-0.0230526163251053,-0.561178010712987,-0.150766056964609,-0.175277710244502,-0.197892597550461,0,0.000984842744030908,-0.0382264886974443
108,SAU,Saudi Arabia,96,4/5/20,-0.38864815156143,-0.0783983502686148,-0.109135180680238,-0.170803349015978,0,0.000328280914676969,-0.0306395525112748,-0.232544484054908,-0.0180919266739987,-0.0496069001299994,-0.141063527707984,0,-0.000437707886235959,-0.0233444216566892,-0.590054572217959,-0.162827340515306,-0.181891963200929,-0.208494854851453,0,0.00109426971558989,-0.0379346833658603
108,SAU,Saudi Arabia,97,4/6/20,-0.41912964405187,-0.0904596351672652,-0.122363686593091,-0.176104477666474,0,0.000437707886235959,-0.0306395525112748,-0.257943703131443,-0.024122568898665,-0.0661425335066659,-0.143714092823162,0,-0.000328280914676969,-0.0236362269882731,-0.618931133722931,-0.174888624066003,-0.188506216157355,-0.219097112152445,0,0.00120369668714888,-0.0376428780342764
108,SAU,Saudi Arabia,98,4/7/20,-0.44961113654231,-0.102520920065915,-0.135592192505944,-0.18140560631697,0,0.000547134857794948,-0.0306395525112748,-0.283342922207978,-0.0301532111233312,-0.0826781668833323,-0.14636465793834,0,-0.000218853943117979,-0.0239280323198571,-0.647807695227903,-0.1869499076167,-0.195120469113781,-0.229699369453436,0,0.00131312365870787,-0.0373510727026925
108,SAU,Saudi Arabia,99,4/8/20,-0.480092629032749,-0.114582204964565,-0.148820698418797,-0.186706734967466,0,0.000656561829353938,-0.0306395525112748,-0.308742141284514,-0.0361838533479975,-0.0992138002599988,-0.149015223053517,0,-0.000109426971558989,-0.024219837651441,-0.676684256732875,-0.199011191167397,-0.201734722070208,-0.240301626754428,0,0.00142255063026686,-0.0370592673711085
108,SAU,Saudi Arabia,100,4/9/20,-0.510574121523189,-0.126643489863216,-0.162049204331649,-0.192007863617961,0,0.000765988800912928,-0.0306395525112748,-0.334141360361049,-0.0422144955726637,-0.115749433636665,-0.151665788168695,0,0,-0.0245116429830249,-0.705560818237847,-0.211072474718093,-0.208348975026634,-0.25090388405542,0,0.00153197760182585,-0.0367674620395246
108,SAU,Saudi Arabia,101,4/10/20,-0.510574121523189,-0.126643489863216,-0.162049204331649,-0.192007863617961,0,0.000765988800912928,-0.0306395525112748,-0.334141360361049,-0.0422144955726637,-0.115749433636665,-0.151665788168695,0,0,-0.0245116429830249,-0.705560818237847,-0.211072474718093,-0.208348975026634,-0.25090388405542,0,0.00153197760182585,-0.0367674620395246
108,SAU,Saudi Arabia,102,4/11/20,-0.510574121523189,-0.126643489863216,-0.162049204331649,-0.192007863617961,0,0.000765988800912928,-0.0306395525112748,-0.334141360361049,-0.0422144955726637,-0.115749433636665,-0.151665788168695,0,0,-0.0245116429830249,-0.705560818237847,-0.211072474718093,-0.208348975026634,-0.25090388405542,0,0.00153197760182585,-0.0367674620395246
108,SAU,Saudi Arabia,103,4/12/20,-0.510574121523189,-0.126643489863216,-0.162049204331649,-0.192007863617961,0,0.000765988800912928,-0.0306395525112748,-0.334141360361049,-0.0422144955726637,-0.115749433636665,-0.151665788168695,0,0,-0.0245116429830249,-0.705560818237847,-0.211072474718093,-0.208348975026634,-0.25090388405542,0,0.00153197760182585,-0.0367674620395246
108,SAU,Saudi Arabia,104,4/13/20,-0.510574121523189,-0.126643489863216,-0.162049204331649,-0.192007863617961,0,0.000765988800912928,-0.0306395525112748,-0.334141360361049,-0.0422144955726637,-0.115749433636665,-0.151665788168695,0,0,-0.0245116429830249,-0.705560818237847,-0.211072474718093,-0.208348975026634,-0.25090388405542,0,0.00153197760182585,-0.0367674620395246
108,SAU,Saudi Arabia,105,4/14/20,-0.510574121523189,-0.126643489863216,-0.162049204331649,-0.192007863617961,0,0.000765988800912928,-0.0306395525112748,-0.334141360361049,-0.0422144955726637,-0.115749433636665,-0.151665788168695,0,0,-0.0245116429830249,-0.705560818237847,-0.211072474718093,-0.208348975026634,-0.25090388405542,0,0.00153197760182585,-0.0367674620395246
108,SAU,Saudi Arabia,106,4/15/20,-0.510574121523189,-0.126643489863216,-0.162049204331649,-0.192007863617961,0,0.000765988800912928,-0.0306395525112748,-0.334141360361049,-0.0422144955726637,-0.115749433636665,-0.151665788168695,0,0,-0.0245116429830249,-0.705560818237847,-0.211072474718093,-0.208348975026634,-0.25090388405542,0,0.00153197760182585,-0.0367674620395246
108,SAU,Saudi Arabia,107,4/16/20,-0.510574121523189,-0.126643489863216,-0.162049204331649,-0.192007863617961,0,0.000765988800912928,-0.0306395525112748,-0.334141360361049,-0.0422144955726637,-0.115749433636665,-0.151665788168695,0,0,-0.0245116429830249,-0.705560818237847,-0.211072474718093,-0.208348975026634,-0.25090388405542,0,0.00153197760182585,-0.0367674620395246
108,SAU,Saudi Arabia,108,4/17/20,-0.510574121523189,-0.126643489863216,-0.162049204331649,-0.192007863617961,0,0.000765988800912928,-0.0306395525112748,-0.334141360361049,-0.0422144955726637,-0.115749433636665,-0.151665788168695,0,0,-0.0245116429830249,-0.705560818237847,-0.211072474718093,-0.208348975026634,-0.25090388405542,0,0.00153197760182585,-0.0367674620395246
108,SAU,Saudi Arabia,109,4/18/20,-0.510574121523189,-0.126643489863216,-0.162049204331649,-0.192007863617961,0,0.000765988800912928,-0.0306395525112748,-0.334141360361049,-0.0422144955726637,-0.115749433636665,-0.151665788168695,0,0,-0.0245116429830249,-0.705560818237847,-0.211072474718093,-0.208348975026634,-0.25090388405542,0,0.00153197760182585,-0.0367674620395246
108,SAU,Saudi Arabia,110,4/19/20,-0.510574121523189,-0.126643489863216,-0.162049204331649,-0.192007863617961,0,0.000765988800912928,-0.0306395525112748,-0.334141360361049,-0.0422144955726637,-0.115749433636665,-0.151665788168695,0,0,-0.0245116429830249,-0.705560818237847,-0.211072474718093,-0.208348975026634,-0.25090388405542,0,0.00153197760182585,-0.0367674620395246
108,SAU,Saudi Arabia,111,4/20/20,-0.510574121523189,-0.126643489863216,-0.162049204331649,-0.192007863617961,0,0.000765988800912928,-0.0306395525112748,-0.334141360361049,-0.0422144955726637,-0.115749433636665,-0.151665788168695,0,0,-0.0245116429830249,-0.705560818237847,-0.211072474718093,-0.208348975026634,-0.25090388405542,0,0.00153197760182585,-0.0367674620395246
108,SAU,Saudi Arabia,112,4/21/20,-0.510574121523189,-0.126643489863216,-0.162049204331649,-0.192007863617961,0,0.000765988800912928,-0.0306395525112748,-0.334141360361049,-0.0422144955726637,-0.115749433636665,-0.151665788168695,0,0,-0.0245116429830249,-0.705560818237847,-0.211072474718093,-0.208348975026634,-0.25090388405542,0,0.00153197760182585,-0.0367674620395246
108,SAU,Saudi Arabia,113,4/22/20,-0.510574121523189,-0.126643489863216,-0.162049204331649,-0.192007863617961,0,0.000765988800912928,-0.0306395525112748,-0.334141360361049,-0.0422144955726637,-0.115749433636665,-0.151665788168695,0,0,-0.0245116429830249,-0.705560818237847,-0.211072474718093,-0.208348975026634,-0.25090388405542,0,0.00153197760182585,-0.0367674620395246
108,SAU,Saudi Arabia,114,4/23/20,-0.510574121523189,-0.126643489863216,-0.162049204331649,-0.192007863617961,0,0.000765988800912928,-0.0306395525112748,-0.334141360361049,-0.0422144955726637,-0.115749433636665,-0.151665788168695,0,0,-0.0245116429830249,-0.705560818237847,-0.211072474718093,-0.208348975026634,-0.25090388405542,0,0.00153197760182585,-0.0367674620395246
108,SAU,Saudi Arabia,115,4/24/20,-0.510574121523189,-0.126643489863216,-0.162049204331649,-0.192007863617961,0,0.000765988800912928,-0.0306395525112748,-0.334141360361049,-0.0422144955726637,-0.115749433636665,-0.151665788168695,0,0,-0.0245116429830249,-0.705560818237847,-0.211072474718093,-0.208348975026634,-0.25090388405542,0,0.00153197760182585,-0.0367674620395246
108,SAU,Saudi Arabia,116,4/25/20,-0.510574121523189,-0.126643489863216,-0.162049204331649,-0.192007863617961,0,0.000765988800912928,-0.0306395525112748,-0.334141360361049,-0.0422144955726637,-0.115749433636665,-0.151665788168695,0,0,-0.0245116429830249,-0.705560818237847,-0.211072474718093,-0.208348975026634,-0.25090388405542,0,0.00153197760182585,-0.0367674620395246
108,SAU,Saudi Arabia,117,4/26/20,-0.492737524282434,-0.114582204964565,-0.162049204331649,-0.186706734967466,0,0.000656561829353938,-0.0300559418481069,-0.31837171637317,-0.0361838533479975,-0.109135180680238,-0.149015223053517,0,-0.000109426971558989,-0.0239280323198571,-0.683006704357717,-0.199011191167397,-0.208348975026634,-0.240301626754428,0,0.00142255063026686,-0.0367674620395246
108,SAU,Saudi Arabia,118,4/27/20,-0.474900927041679,-0.102520920065915,-0.162049204331649,-0.18140560631697,0,0.000547134857794948,-0.029472331184939,-0.302602072385291,-0.0301532111233312,-0.102520927723812,-0.14636465793834,0,-0.000218853943117979,-0.0233444216566892,-0.660452590477588,-0.1869499076167,-0.208348975026634,-0.229699369453436,0,0.00131312365870787,-0.0367674620395246
108,SAU,Saudi Arabia,119,4/28/20,-0.457064329800924,-0.0904596351672652,-0.162049204331649,-0.176104477666474,0,0.000437707886235959,-0.0288887205217711,-0.286832428397411,-0.024122568898665,-0.0959066747673862,-0.143714092823162,0,-0.000328280914676969,-0.0227608109935213,-0.637898476597458,-0.174888624066003,-0.208348975026634,-0.219097112152445,0,0.00120369668714888,-0.0367674620395246
108,SAU,Saudi Arabia,120,4/29/20,-0.439227732560169,-0.0783983502686148,-0.162049204331649,-0.170803349015978,0,0.000328280914676969,-0.0283051098586033,-0.271062784409532,-0.0180919266739987,-0.0892924218109598,-0.141063527707984,0,-0.000437707886235959,-0.0221772003303535,-0.615344362717329,-0.162827340515306,-0.208348975026634,-0.208494854851453,0,0.00109426971558989,-0.0367674620395246
108,SAU,Saudi Arabia,121,4/30/20,-0.421391135319414,-0.0663370653699644,-0.162049204331649,-0.165502220365482,0,0.000218853943117979,-0.0277214991954354,-0.255293140421653,-0.0120612844493325,-0.0826781688545335,-0.138412962592806,0,-0.000547134857794948,-0.0215935896671856,-0.5927902488372,-0.150766056964609,-0.208348975026634,-0.197892597550461,0,0.000984842744030908,-0.0367674620395246
108,SAU,Saudi Arabia,122,5/1/20,-0.403554538078659,-0.0542757804713141,-0.162049204331649,-0.160201091714986,0,0.000109426971558989,-0.0271378885322675,-0.239523496433774,-0.00603064222466625,-0.0760639158981071,-0.135762397477629,0,-0.000656561829353938,-0.0210099790040177,-0.57023613495707,-0.138704773413913,-0.208348975026634,-0.18729034024947,0,0.000875415772471918,-0.0367674620395246
108,SAU,Saudi Arabia,123,5/2/20,-0.385717940837904,-0.0422144955726637,-0.162049204331649,-0.154899963064491,0,0,-0.0265542778690996,-0.223753852445895,0,-0.0694496629416807,-0.133111832362451,0,-0.000765988800912928,-0.0204263683408498,-0.547682021076941,-0.126643489863216,-0.208348975026634,-0.176688082948478,0,0.000765988800912928,-0.0367674620395246
108,SAU,Saudi Arabia,124,5/3/20,-0.385717940837904,-0.0422144955726637,-0.162049204331649,-0.154899963064491,0,0,-0.0265542778690996,-0.223753852445895,0,-0.0694496629416807,-0.133111832362451,0,-0.000765988800912928,-0.0204263683408498,-0.547682021076941,-0.126643489863216,-0.208348975026634,-0.176688082948478,0,0.000765988800912928,-0.0367674620395246
108,SAU,Saudi Arabia,125,5/4/20,-0.385717940837904,-0.0422144955726637,-0.162049204331649,-0.154899963064491,0,0,-0.0265542778690996,-0.223753852445895,0,-0.0694496629416807,-0.133111832362451,0,-0.000765988800912928,-0.0204263683408498,-0.547682021076941,-0.126643489863216,-0.208348975026634,-0.176688082948478,0,0.000765988800912928,-0.0367674620395246
108,SAU,Saudi Arabia,126,5/5/20,-0.385717940837904,-0.0422144955726637,-0.162049204331649,-0.154899963064491,0,0,-0.0265542778690996,-0.223753852445895,0,-0.0694496629416807,-0.133111832362451,0,-0.000765988800912928,-0.0204263683408498,-0.547682021076941,-0.126643489863216,-0.208348975026634,-0.176688082948478,0,0.000765988800912928,-0.0367674620395246
108,SAU,Saudi Arabia,127,5/6/20,-0.385717940837904,-0.0422144955726637,-0.162049204331649,-0.154899963064491,0,0,-0.0265542778690996,-0.223753852445895,0,-0.0694496629416807,-0.133111832362451,0,-0.000765988800912928,-0.0204263683408498,-0.547682021076941,-0.126643489863216,-0.208348975026634,-0.176688082948478,0,0.000765988800912928,-0.0367674620395246
108,SAU,Saudi Arabia,128,5/7/20,-0.385717940837904,-0.0422144955726637,-0.162049204331649,-0.154899963064491,0,0,-0.0265542778690996,-0.223753852445895,0,-0.0694496629416807,-0.133111832362451,0,-0.000765988800912928,-0.0204263683408498,-0.547682021076941,-0.126643489863216,-0.208348975026634,-0.176688082948478,0,0.000765988800912928,-0.0367674620395246
108,SAU,Saudi Arabia,129,5/8/20,-0.385717940837904,-0.0422144955726637,-0.162049204331649,-0.154899963064491,0,0,-0.0265542778690996,-0.223753852445895,0,-0.0694496629416807,-0.133111832362451,0,-0.000765988800912928,-0.0204263683408498,-0.547682021076941,-0.126643489863216,-0.208348975026634,-0.176688082948478,0,0.000765988800912928,-0.0367674620395246
108,SAU,Saudi Arabia,130,5/9/20,-0.385717940837904,-0.0422144955726637,-0.162049204331649,-0.154899963064491,0,0,-0.0265542778690996,-0.223753852445895,0,-0.0694496629416807,-0.133111832362451,0,-0.000765988800912928,-0.0204263683408498,-0.547682021076941,-0.126643489863216,-0.208348975026634,-0.176688082948478,0,0.000765988800912928,-0.0367674620395246
108,SAU,Saudi Arabia,131,5/10/20,-0.352987116395323,-0.0361838533479975,-0.15212782489701,-0.138996575928109,0,0,-0.0256788622222068,-0.194585483498192,0,-0.0595282825214406,-0.114557881295786,0,-0.000656561829353938,-0.0198427578516114,-0.505941710534596,-0.108551562739899,-0.198427596577595,-0.163435261322239,0,0.000656561829353938,-0.0361838517242157
108,SAU,Saudi Arabia,132,5/11/20,-0.320256291952743,-0.0301532111233312,-0.14220644546237,-0.123093188791726,0,0,-0.024803446575314,-0.165417114550489,0,-0.0496069021012005,-0.0960039302291213,0,-0.000547134857794948,-0.0192591473623731,-0.464201399992251,-0.090459635616583,-0.188506218128556,-0.150182439695999,0,0.000547134857794948,-0.0356002414089068
108,SAU,Saudi Arabia,133,5/12/20,-0.287525467510162,-0.024122568898665,-0.132285066027731,-0.107189801655344,0,0,-0.0239280309284212,-0.136248745602787,0,-0.0396855216809604,-0.0774499791624562,0,-0.000437707886235959,-0.0186755368731347,-0.422461089449906,-0.0723677084932664,-0.178584839679517,-0.13692961806976,0,0.000437707886235959,-0.0350166310935979
108,SAU,Saudi Arabia,134,5/13/20,-0.254794643067581,-0.0180919266739987,-0.122363686593091,-0.0912864145189627,0,0,-0.0230526152815283,-0.107080376655084,0,-0.0297641412607203,-0.0588960280957911,0,-0.000328280914676969,-0.0180919263838963,-0.380720778907561,-0.0542757813699498,-0.168663461230478,-0.12367679644352,0,0.000328280914676969,-0.034433020778289
108,SAU,Saudi Arabia,135,5/14/20,-0.222063818625,-0.0120612844493325,-0.112442307158452,-0.0753830273825807,0,0,-0.0221771996346355,-0.0779120077073821,0,-0.0198427608404802,-0.040342077029126,0,-0.000218853943117979,-0.0175083158946579,-0.338980468365215,-0.0361838542466332,-0.158742082781439,-0.110423974817281,0,0.000218853943117979,-0.0338494104629801
108,SAU,Saudi Arabia,136,5/15/20,-0.18933299418242,-0.00603064222466625,-0.102520927723812,-0.0594796402461985,0,0,-0.0213017839877427,-0.0487436387596795,0,-0.0099213804202401,-0.0217881259624609,0,-0.000109426971558989,-0.0169247054054195,-0.29724015782287,-0.0180919271233166,-0.1488207043324,-0.0971711531910415,0,0.000109426971558989,-0.0332658001476712
108,SAU,Saudi Arabia,137,5/16/20,-0.156602169739839,0,-0.092599548289173,-0.0435762531098165,0,0,-0.0204263683408498,-0.0195752698119769,0,0,-0.0032341748957958,0,0,-0.0163410949161811,-0.255499847280525,0,-0.138899325883361,-0.083918331564802,0,0,-0.0326821898323623
108,SAU,Saudi Arabia,138,5/17/20,-0.156602169739839,0,-0.092599548289173,-0.0435762531098165,0,0,-0.0204263683408498,-0.0195752698119769,0,0,-0.0032341748957958,0,0,-0.0163410949161811,-0.255499847280525,0,-0.138899325883361,-0.083918331564802,0,0,-0.0326821898323623
108,SAU,Saudi Arabia,139,5/18/20,-0.156602169739839,0,-0.092599548289173,-0.0435762531098165,0,0,-0.0204263683408498,-0.0195752698119769,0,0,-0.0032341748957958,0,0,-0.0163410949161811,-0.255499847280525,0,-0.138899325883361,-0.083918331564802,0,0,-0.0326821898323623
108,SAU,Saudi Arabia,140,5/19/20,-0.156602169739839,0,-0.092599548289173,-0.0435762531098165,0,0,-0.0204263683408498,-0.0195752698119769,0,0,-0.0032341748957958,0,0,-0.0163410949161811,-0.255499847280525,0,-0.138899325883361,-0.083918331564802,0,0,-0.0326821898323623
108,SAU,Saudi Arabia,141,5/20/20,-0.207169591423175,-0.0180919271233166,-0.102520927723812,-0.0647807688966944,0,0.000109426971558989,-0.0218853946509105,-0.0645132827475587,-0.00603064222466625,-0.0165356333766664,-0.0244386910776386,0,0,-0.0175083160685874,-0.319794271703,-0.0301532106740134,-0.1488207043324,-0.107773410492033,0,0.000218853943117979,-0.0332658001476712
108,SAU,Saudi Arabia,142,5/21/20,-0.257737013106511,-0.0361838542466332,-0.112442307158452,-0.0859852846835723,0,0.000218853943117979,-0.0233444209609712,-0.10945129568314,-0.0120612844493325,-0.0330712667533329,-0.0456432072594813,0,0,-0.0186755372209937,-0.384088696125474,-0.0603064213480268,-0.158742082781439,-0.131628489419264,0,0.000437707886235959,-0.0338494104629801
108,SAU,Saudi Arabia,143,5/22/20,-0.308304434789846,-0.0542757813699498,-0.122363686593091,-0.10718980047045,0,0.000328280914676969,-0.0248034472710319,-0.154389308618722,-0.0180919266739987,-0.0496069001299994,-0.0668477234413241,0,0,-0.0198427583733999,-0.448383120547949,-0.0904596320220402,-0.168663461230478,-0.155483568346495,0,0.000656561829353938,-0.034433020778289
108,SAU,Saudi Arabia,144,5/23/20,-0.358871856473182,-0.0723677084932664,-0.132285066027731,-0.128394316257328,0,0.000437707886235959,-0.0262624735810927,-0.199327321554304,-0.024122568898665,-0.0661425335066659,-0.0880522396231669,0,0,-0.0210099795258062,-0.512677544970423,-0.120612842696053,-0.178584839679517,-0.179338647273726,0,0.000875415772471918,-0.0350166310935979
108,SAU,Saudi Arabia,145,5/24/20,-0.409439278156518,-0.090459635616583,-0.14220644546237,-0.149598832044206,0,0.000547134857794948,-0.0277214998911534,-0.244265334489885,-0.0301532111233312,-0.0826781668833323,-0.109256755805009,0,0,-0.0221772006782124,-0.576971969392898,-0.150766053370067,-0.188506218128556,-0.203193726200957,0,0.00109426971558989,-0.0356002414089068
108,SAU,Saudi Arabia,146,5/25/20,-0.442170102599099,-0.0964902778412493,-0.15212782489701,-0.165502219180588,0,0.000547134857794948,-0.0285969155380462,-0.273433703437588,-0.0301532111233312,-0.0925995473035724,-0.127810706871674,0,-0.000109426971558989,-0.0227608111674508,-0.618712279935243,-0.168857980493383,-0.198427596577595,-0.216446547827197,0,0.00120369668714888,-0.0361838517242157
108,SAU,Saudi Arabia,147,5/26/20,-0.474900927041679,-0.102520920065915,-0.162049204331649,-0.18140560631697,0,0.000547134857794948,-0.029472331184939,-0.302602072385291,-0.0301532111233312,-0.102520927723812,-0.14636465793834,0,-0.000218853943117979,-0.0233444216566892,-0.660452590477588,-0.1869499076167,-0.208348975026634,-0.229699369453436,0,0.00131312365870787,-0.0367674620395246
108,SAU,Saudi Arabia,148,5/27/20,-0.457064329800924,-0.0904596351672652,-0.162049204331649,-0.176104477666474,0,0.000437707886235959,-0.0288887205217711,-0.286832428397411,-0.024122568898665,-0.0959066747673862,-0.143714092823162,0,-0.000328280914676969,-0.0227608109935213,-0.637898476597458,-0.174888624066003,-0.208348975026634,-0.219097112152445,0,0.00120369668714888,-0.0367674620395246
108,SAU,Saudi Arabia,149,5/28/20,-0.439227732560169,-0.0783983502686148,-0.162049204331649,-0.170803349015978,0,0.000328280914676969,-0.0283051098586033,-0.271062784409532,-0.0180919266739987,-0.0892924218109598,-0.141063527707984,0,-0.000437707886235959,-0.0221772003303535,-0.615344362717329,-0.162827340515306,-0.208348975026634,-0.208494854851453,0,0.00109426971558989,-0.0367674620395246
108,SAU,Saudi Arabia,150,5/29/20,-0.421391135319414,-0.0663370653699644,-0.162049204331649,-0.165502220365482,0,0.000218853943117979,-0.0277214991954354,-0.255293140421653,-0.0120612844493325,-0.0826781688545335,-0.138412962592806,0,-0.000547134857794948,-0.0215935896671856,-0.5927902488372,-0.150766056964609,-0.208348975026634,-0.197892597550461,0,0.000984842744030908,-0.0367674620395246
108,SAU,Saudi Arabia,151,5/30/20,-0.403554538078659,-0.0542757804713141,-0.162049204331649,-0.160201091714986,0,0.000109426971558989,-0.0271378885322675,-0.239523496433774,-0.00603064222466625,-0.0760639158981071,-0.135762397477629,0,-0.000656561829353938,-0.0210099790040177,-0.57023613495707,-0.138704773413913,-0.208348975026634,-0.18729034024947,0,0.000875415772471918,-0.0367674620395246
108,SAU,Saudi Arabia,152,5/31/20,-0.385717940837904,-0.0422144955726637,-0.162049204331649,-0.154899963064491,0,0,-0.0265542778690996,-0.223753852445895,0,-0.0694496629416807,-0.133111832362451,0,-0.000765988800912928,-0.0204263683408498,-0.547682021076941,-0.126643489863216,-0.208348975026634,-0.176688082948478,0,0.000765988800912928,-0.0367674620395246
108,SAU,Saudi Arabia,153,6/1/20,-0.385717940837904,-0.0422144955726637,-0.162049204331649,-0.154899963064491,0,0,-0.0265542778690996,-0.223753852445895,0,-0.0694496629416807,-0.133111832362451,0,-0.000765988800912928,-0.0204263683408498,-0.547682021076941,-0.126643489863216,-0.208348975026634,-0.176688082948478,0,0.000765988800912928,-0.0367674620395246
108,SAU,Saudi Arabia,154,6/2/20,-0.385717940837904,-0.0422144955726637,-0.162049204331649,-0.154899963064491,0,0,-0.0265542778690996,-0.223753852445895,0,-0.0694496629416807,-0.133111832362451,0,-0.000765988800912928,-0.0204263683408498,-0.547682021076941,-0.126643489863216,-0.208348975026634,-0.176688082948478,0,0.000765988800912928,-0.0367674620395246
108,SAU,Saudi Arabia,155,6/3/20,-0.385717940837904,-0.0422144955726637,-0.162049204331649,-0.154899963064491,0,0,-0.0265542778690996,-0.223753852445895,0,-0.0694496629416807,-0.133111832362451,0,-0.000765988800912928,-0.0204263683408498,-0.547682021076941,-0.126643489863216,-0.208348975026634,-0.176688082948478,0,0.000765988800912928,-0.0367674620395246
108,SAU,Saudi Arabia,156,6/4/20,-0.385717940837904,-0.0422144955726637,-0.162049204331649,-0.154899963064491,0,0,-0.0265542778690996,-0.223753852445895,0,-0.0694496629416807,-0.133111832362451,0,-0.000765988800912928,-0.0204263683408498,-0.547682021076941,-0.126643489863216,-0.208348975026634,-0.176688082948478,0,0.000765988800912928,-0.0367674620395246
108,SAU,Saudi Arabia,157,6/5/20,-0.385717940837904,-0.0422144955726637,-0.162049204331649,-0.154899963064491,0,0,-0.0265542778690996,-0.223753852445895,0,-0.0694496629416807,-0.133111832362451,0,-0.000765988800912928,-0.0204263683408498,-0.547682021076941,-0.126643489863216,-0.208348975026634,-0.176688082948478,0,0.000765988800912928,-0.0367674620395246
108,SAU,Saudi Arabia,158,6/6/20,-0.385717940837904,-0.0422144955726637,-0.162049204331649,-0.154899963064491,0,0,-0.0265542778690996,-0.223753852445895,0,-0.0694496629416807,-0.133111832362451,0,-0.000765988800912928,-0.0204263683408498,-0.547682021076941,-0.126643489863216,-0.208348975026634,-0.176688082948478,0,0.000765988800912928,-0.0367674620395246
108,SAU,Saudi Arabia,159,6/7/20,-0.385717940837904,-0.0422144955726637,-0.162049204331649,-0.154899963064491,0,0,-0.0265542778690996,-0.223753852445895,0,-0.0694496629416807,-0.133111832362451,0,-0.000765988800912928,-0.0204263683408498,-0.547682021076941,-0.126643489863216,-0.208348975026634,-0.176688082948478,0,0.000765988800912928,-0.0367674620395246
108,SAU,Saudi Arabia,160,6/8/20,-0.385717940837904,-0.0422144955726637,-0.162049204331649,-0.154899963064491,0,0,-0.0265542778690996,-0.223753852445895,0,-0.0694496629416807,-0.133111832362451,0,-0.000765988800912928,-0.0204263683408498,-0.547682021076941,-0.126643489863216,-0.208348975026634,-0.176688082948478,0,0.000765988800912928,-0.0367674620395246
108,SAU,Saudi Arabia,161,6/9/20,-0.385717940837904,-0.0422144955726637,-0.162049204331649,-0.154899963064491,0,0,-0.0265542778690996,-0.223753852445895,0,-0.0694496629416807,-0.133111832362451,0,-0.000765988800912928,-0.0204263683408498,-0.547682021076941,-0.126643489863216,-0.208348975026634,-0.176688082948478,0,0.000765988800912928,-0.0367674620395246
108,SAU,Saudi Arabia,162,6/10/20,-0.385717940837904,-0.0422144955726637,-0.162049204331649,-0.154899963064491,0,0,-0.0265542778690996,-0.223753852445895,0,-0.0694496629416807,-0.133111832362451,0,-0.000765988800912928,-0.0204263683408498,-0.547682021076941,-0.126643489863216,-0.208348975026634,-0.176688082948478,0,0.000765988800912928,-0.0367674620395246
108,SAU,Saudi Arabia,163,6/11/20,-0.385717940837904,-0.0422144955726637,-0.162049204331649,-0.154899963064491,0,0,-0.0265542778690996,-0.223753852445895,0,-0.0694496629416807,-0.133111832362451,0,-0.000765988800912928,-0.0204263683408498,-0.547682021076941,-0.126643489863216,-0.208348975026634,-0.176688082948478,0,0.000765988800912928,-0.0367674620395246
108,SAU,Saudi Arabia,164,6/12/20,-0.385717940837904,-0.0422144955726637,-0.162049204331649,-0.154899963064491,0,0,-0.0265542778690996,-0.223753852445895,0,-0.0694496629416807,-0.133111832362451,0,-0.000765988800912928,-0.0204263683408498,-0.547682021076941,-0.126643489863216,-0.208348975026634,-0.176688082948478,0,0.000765988800912928,-0.0367674620395246
108,SAU,Saudi Arabia,165,6/13/20,-0.385717940837904,-0.0422144955726637,-0.162049204331649,-0.154899963064491,0,0,-0.0265542778690996,-0.223753852445895,0,-0.0694496629416807,-0.133111832362451,0,-0.000765988800912928,-0.0204263683408498,-0.547682021076941,-0.126643489863216,-0.208348975026634,-0.176688082948478,0,0.000765988800912928,-0.0367674620395246
108,SAU,Saudi Arabia,166,6/14/20,-0.385717940837904,-0.0422144955726637,-0.162049204331649,-0.154899963064491,0,0,-0.0265542778690996,-0.223753852445895,0,-0.0694496629416807,-0.133111832362451,0,-0.000765988800912928,-0.0204263683408498,-0.547682021076941,-0.126643489863216,-0.208348975026634,-0.176688082948478,0,0.000765988800912928,-0.0367674620395246
108,SAU,Saudi Arabia,167,6/15/20,-0.385717940837904,-0.0422144955726637,-0.162049204331649,-0.154899963064491,0,0,-0.0265542778690996,-0.223753852445895,0,-0.0694496629416807,-0.133111832362451,0,-0.000765988800912928,-0.0204263683408498,-0.547682021076941,-0.126643489863216,-0.208348975026634,-0.176688082948478,0,0.000765988800912928,-0.0367674620395246
108,SAU,Saudi Arabia,168,6/16/20,-0.385717940837904,-0.0422144955726637,-0.162049204331649,-0.154899963064491,0,0,-0.0265542778690996,-0.223753852445895,0,-0.0694496629416807,-0.133111832362451,0,-0.000765988800912928,-0.0204263683408498,-0.547682021076941,-0.126643489863216,-0.208348975026634,-0.176688082948478,0,0.000765988800912928,-0.0367674620395246
108,SAU,Saudi Arabia,169,6/17/20,-0.385717940837904,-0.0422144955726637,-0.162049204331649,-0.154899963064491,0,0,-0.0265542778690996,-0.223753852445895,0,-0.0694496629416807,-0.133111832362451,0,-0.000765988800912928,-0.0204263683408498,-0.547682021076941,-0.126643489863216,-0.208348975026634,-0.176688082948478,0,0.000765988800912928,-0.0367674620395246
108,SAU,Saudi Arabia,170,6/18/20,-0.352987116395323,-0.0361838533479975,-0.15212782489701,-0.138996575928109,0,0,-0.0256788622222068,-0.194585483498192,0,-0.0595282825214406,-0.114557881295786,0,-0.000656561829353938,-0.0198427578516114,-0.505941710534596,-0.108551562739899,-0.198427596577595,-0.163435261322239,0,0.000656561829353938,-0.0361838517242157
108,SAU,Saudi Arabia,171,6/19/20,-0.320256291952743,-0.0301532111233312,-0.14220644546237,-0.123093188791726,0,0,-0.024803446575314,-0.165417114550489,0,-0.0496069021012005,-0.0960039302291213,0,-0.000547134857794948,-0.0192591473623731,-0.464201399992251,-0.090459635616583,-0.188506218128556,-0.150182439695999,0,0.000547134857794948,-0.0356002414089068
108,SAU,Saudi Arabia,172,6/20/20,-0.287525467510162,-0.024122568898665,-0.132285066027731,-0.107189801655344,0,0,-0.0239280309284212,-0.136248745602787,0,-0.0396855216809604,-0.0774499791624562,0,-0.000437707886235959,-0.0186755368731347,-0.422461089449906,-0.0723677084932664,-0.178584839679517,-0.13692961806976,0,0.000437707886235959,-0.0350166310935979
108,SAU,Saudi Arabia,173,6/21/20,-0.254794643067581,-0.0180919266739987,-0.122363686593091,-0.0912864145189627,0,0,-0.0230526152815283,-0.107080376655084,0,-0.0297641412607203,-0.0588960280957911,0,-0.000328280914676969,-0.0180919263838963,-0.380720778907561,-0.0542757813699498,-0.168663461230478,-0.12367679644352,0,0.000328280914676969,-0.034433020778289
108,SAU,Saudi Arabia,174,6/22/20,-0.222063818625,-0.0120612844493325,-0.112442307158452,-0.0753830273825807,0,0,-0.0221771996346355,-0.0779120077073821,0,-0.0198427608404802,-0.040342077029126,0,-0.000218853943117979,-0.0175083158946579,-0.338980468365215,-0.0361838542466332,-0.158742082781439,-0.110423974817281,0,0.000218853943117979,-0.0338494104629801
108,SAU,Saudi Arabia,175,6/23/20,-0.18933299418242,-0.00603064222466625,-0.102520927723812,-0.0594796402461985,0,0,-0.0213017839877427,-0.0487436387596795,0,-0.0099213804202401,-0.0217881259624609,0,-0.000109426971558989,-0.0169247054054195,-0.29724015782287,-0.0180919271233166,-0.1488207043324,-0.0971711531910415,0,0.000109426971558989,-0.0332658001476712
108,SAU,Saudi Arabia,176,6/24/20,-0.156602169739839,0,-0.092599548289173,-0.0435762531098165,0,0,-0.0204263683408498,-0.0195752698119769,0,0,-0.0032341748957958,0,0,-0.0163410949161811,-0.255499847280525,0,-0.138899325883361,-0.083918331564802,0,0,-0.0326821898323623
108,SAU,Saudi Arabia,177,6/25/20,-0.156602169739839,0,-0.092599548289173,-0.0435762531098165,0,0,-0.0204263683408498,-0.0195752698119769,0,0,-0.0032341748957958,0,0,-0.0163410949161811,-0.255499847280525,0,-0.138899325883361,-0.083918331564802,0,0,-0.0326821898323623
108,SAU,Saudi Arabia,178,6/26/20,-0.156602169739839,0,-0.092599548289173,-0.0435762531098165,0,0,-0.0204263683408498,-0.0195752698119769,0,0,-0.0032341748957958,0,0,-0.0163410949161811,-0.255499847280525,0,-0.138899325883361,-0.083918331564802,0,0,-0.0326821898323623
108,SAU,Saudi Arabia,179,6/27/20,-0.156602169739839,0,-0.092599548289173,-0.0435762531098165,0,0,-0.0204263683408498,-0.0195752698119769,0,0,-0.0032341748957958,0,0,-0.0163410949161811,-0.255499847280525,0,-0.138899325883361,-0.083918331564802,0,0,-0.0326821898323623
108,SAU,Saudi Arabia,180,6/28/20,-0.156602169739839,0,-0.092599548289173,-0.0435762531098165,0,0,-0.0204263683408498,-0.0195752698119769,0,0,-0.0032341748957958,0,0,-0.0163410949161811,-0.255499847280525,0,-0.138899325883361,-0.083918331564802,0,0,-0.0326821898323623
108,SAU,Saudi Arabia,181,6/29/20,-0.156602169739839,0,-0.092599548289173,-0.0435762531098165,0,0,-0.0204263683408498,-0.0195752698119769,0,0,-0.0032341748957958,0,0,-0.0163410949161811,-0.255499847280525,0,-0.138899325883361,-0.083918331564802,0,0,-0.0326821898323623
108,SAU,Saudi Arabia,182,6/30/20,-0.156602169739839,0,-0.092599548289173,-0.0435762531098165,0,0,-0.0204263683408498,-0.0195752698119769,0,0,-0.0032341748957958,0,0,-0.0163410949161811,-0.255499847280525,0,-0.138899325883361,-0.083918331564802,0,0,-0.0326821898323623
108,SAU,Saudi Arabia,183,7/1/20,-0.156602169739839,0,-0.092599548289173,-0.0435762531098165,0,0,-0.0204263683408498,-0.0195752698119769,0,0,-0.0032341748957958,0,0,-0.0163410949161811,-0.255499847280525,0,-0.138899325883361,-0.083918331564802,0,0,-0.0326821898323623
108,SAU,Saudi Arabia,184,7/2/20,-0.156602169739839,0,-0.092599548289173,-0.0435762531098165,0,0,-0.0204263683408498,-0.0195752698119769,0,0,-0.0032341748957958,0,0,-0.0163410949161811,-0.255499847280525,0,-0.138899325883361,-0.083918331564802,0,0,-0.0326821898323623
108,SAU,Saudi Arabia,185,7/3/20,-0.156602169739839,0,-0.092599548289173,-0.0435762531098165,0,0,-0.0204263683408498,-0.0195752698119769,0,0,-0.0032341748957958,0,0,-0.0163410949161811,-0.255499847280525,0,-0.138899325883361,-0.083918331564802,0,0,-0.0326821898323623
108,SAU,Saudi Arabia,186,7/4/20,-0.156602169739839,0,-0.092599548289173,-0.0435762531098165,0,0,-0.0204263683408498,-0.0195752698119769,0,0,-0.0032341748957958,0,0,-0.0163410949161811,-0.255499847280525,0,-0.138899325883361,-0.083918331564802,0,0,-0.0326821898323623
108,SAU,Saudi Arabia,187,7/5/20,-0.156602169739839,0,-0.092599548289173,-0.0435762531098165,0,0,-0.0204263683408498,-0.0195752698119769,0,0,-0.0032341748957958,0,0,-0.0163410949161811,-0.255499847280525,0,-0.138899325883361,-0.083918331564802,0,0,-0.0326821898323623
108,SAU,Saudi Arabia,188,7/6/20,-0.156602169739839,0,-0.092599548289173,-0.0435762531098165,0,0,-0.0204263683408498,-0.0195752698119769,0,0,-0.0032341748957958,0,0,-0.0163410949161811,-0.255499847280525,0,-0.138899325883361,-0.083918331564802,0,0,-0.0326821898323623
108,SAU,Saudi Arabia,189,7/7/20,-0.156602169739839,0,-0.092599548289173,-0.0435762531098165,0,0,-0.0204263683408498,-0.0195752698119769,0,0,-0.0032341748957958,0,0,-0.0163410949161811,-0.255499847280525,0,-0.138899325883361,-0.083918331564802,0,0,-0.0326821898323623
108,SAU,Saudi Arabia,190,7/8/20,-0.156602169739839,0,-0.092599548289173,-0.0435762531098165,0,0,-0.0204263683408498,-0.0195752698119769,0,0,-0.0032341748957958,0,0,-0.0163410949161811,-0.255499847280525,0,-0.138899325883361,-0.083918331564802,0,0,-0.0326821898323623
108,SAU,Saudi Arabia,191,7/9/20,-0.156602169739839,0,-0.092599548289173,-0.0435762531098165,0,0,-0.0204263683408498,-0.0195752698119769,0,0,-0.0032341748957958,0,0,-0.0163410949161811,-0.255499847280525,0,-0.138899325883361,-0.083918331564802,0,0,-0.0326821898323623
108,SAU,Saudi Arabia,192,7/10/20,-0.156602169739839,0,-0.092599548289173,-0.0435762531098165,0,0,-0.0204263683408498,-0.0195752698119769,0,0,-0.0032341748957958,0,0,-0.0163410949161811,-0.255499847280525,0,-0.138899325883361,-0.083918331564802,0,0,-0.0326821898323623
108,SAU,Saudi Arabia,193,7/11/20,-0.156602169739839,0,-0.092599548289173,-0.0435762531098165,0,0,-0.0204263683408498,-0.0195752698119769,0,0,-0.0032341748957958,0,0,-0.0163410949161811,-0.255499847280525,0,-0.138899325883361,-0.083918331564802,0,0,-0.0326821898323623
108,SAU,Saudi Arabia,194,7/12/20,-0.156602169739839,0,-0.092599548289173,-0.0435762531098165,0,0,-0.0204263683408498,-0.0195752698119769,0,0,-0.0032341748957958,0,0,-0.0163410949161811,-0.255499847280525,0,-0.138899325883361,-0.083918331564802,0,0,-0.0326821898323623
108,SAU,Saudi Arabia,195,7/13/20,-0.156602169739839,0,-0.092599548289173,-0.0435762531098165,0,0,-0.0204263683408498,-0.0195752698119769,0,0,-0.0032341748957958,0,0,-0.0163410949161811,-0.255499847280525,0,-0.138899325883361,-0.083918331564802,0,0,-0.0326821898323623
108,SAU,Saudi Arabia,196,7/14/20,-0.156602169739839,0,-0.092599548289173,-0.0435762531098165,0,0,-0.0204263683408498,-0.0195752698119769,0,0,-0.0032341748957958,0,0,-0.0163410949161811,-0.255499847280525,0,-0.138899325883361,-0.083918331564802,0,0,-0.0326821898323623
108,SAU,Saudi Arabia,197,7/15/20,-0.156602169739839,0,-0.092599548289173,-0.0435762531098165,0,0,-0.0204263683408498,-0.0195752698119769,0,0,-0.0032341748957958,0,0,-0.0163410949161811,-0.255499847280525,0,-0.138899325883361,-0.083918331564802,0,0,-0.0326821898323623
108,SAU,Saudi Arabia,198,7/16/20,-0.156602169739839,0,-0.092599548289173,-0.0435762531098165,0,0,-0.0204263683408498,-0.0195752698119769,0,0,-0.0032341748957958,0,0,-0.0163410949161811,-0.255499847280525,0,-0.138899325883361,-0.083918331564802,0,0,-0.0326821898323623
108,SAU,Saudi Arabia,199,7/17/20,-0.156602169739839,0,-0.092599548289173,-0.0435762531098165,0,0,-0.0204263683408498,-0.0195752698119769,0,0,-0.0032341748957958,0,0,-0.0163410949161811,-0.255499847280525,0,-0.138899325883361,-0.083918331564802,0,0,-0.0326821898323623
108,SAU,Saudi Arabia,200,7/18/20,-0.156602169739839,0,-0.092599548289173,-0.0435762531098165,0,0,-0.0204263683408498,-0.0195752698119769,0,0,-0.0032341748957958,0,0,-0.0163410949161811,-0.255499847280525,0,-0.138899325883361,-0.083918331564802,0,0,-0.0326821898323623
108,SAU,Saudi Arabia,201,7/19/20,-0.156602169739839,0,-0.092599548289173,-0.0435762531098165,0,0,-0.0204263683408498,-0.0195752698119769,0,0,-0.0032341748957958,0,0,-0.0163410949161811,-0.255499847280525,0,-0.138899325883361,-0.083918331564802,0,0,-0.0326821898323623
108,SAU,Saudi Arabia,202,7/20/20,-0.156602169739839,0,-0.092599548289173,-0.0435762531098165,0,0,-0.0204263683408498,-0.0195752698119769,0,0,-0.0032341748957958,0,0,-0.0163410949161811,-0.255499847280525,0,-0.138899325883361,-0.083918331564802,0,0,-0.0326821898323623
108,SAU,Saudi Arabia,203,7/21/20,-0.156602169739839,0,-0.092599548289173,-0.0435762531098165,0,0,-0.0204263683408498,-0.0195752698119769,0,0,-0.0032341748957958,0,0,-0.0163410949161811,-0.255499847280525,0,-0.138899325883361,-0.083918331564802,0,0,-0.0326821898323623
108,SAU,Saudi Arabia,204,7/22/20,-0.156602169739839,0,-0.092599548289173,-0.0435762531098165,0,0,-0.0204263683408498,-0.0195752698119769,0,0,-0.0032341748957958,0,0,-0.0163410949161811,-0.255499847280525,0,-0.138899325883361,-0.083918331564802,0,0,-0.0326821898323623
108,SAU,Saudi Arabia,205,7/23/20,-0.156602169739839,0,-0.092599548289173,-0.0435762531098165,0,0,-0.0204263683408498,-0.0195752698119769,0,0,-0.0032341748957958,0,0,-0.0163410949161811,-0.255499847280525,0,-0.138899325883361,-0.083918331564802,0,0,-0.0326821898323623
108,SAU,Saudi Arabia,206,7/24/20,-0.156602169739839,0,-0.092599548289173,-0.0435762531098165,0,0,-0.0204263683408498,-0.0195752698119769,0,0,-0.0032341748957958,0,0,-0.0163410949161811,-0.255499847280525,0,-0.138899325883361,-0.083918331564802,0,0,-0.0326821898323623
108,SAU,Saudi Arabia,207,7/25/20,-0.156602169739839,0,-0.092599548289173,-0.0435762531098165,0,0,-0.0204263683408498,-0.0195752698119769,0,0,-0.0032341748957958,0,0,-0.0163410949161811,-0.255499847280525,0,-0.138899325883361,-0.083918331564802,0,0,-0.0326821898323623
108,SAU,Saudi Arabia,208,7/26/20,-0.156602169739839,0,-0.092599548289173,-0.0435762531098165,0,0,-0.0204263683408498,-0.0195752698119769,0,0,-0.0032341748957958,0,0,-0.0163410949161811,-0.255499847280525,0,-0.138899325883361,-0.083918331564802,0,0,-0.0326821898323623
108,SAU,Saudi Arabia,209,7/27/20,-0.156602169739839,0,-0.092599548289173,-0.0435762531098165,0,0,-0.0204263683408498,-0.0195752698119769,0,0,-0.0032341748957958,0,0,-0.0163410949161811,-0.255499847280525,0,-0.138899325883361,-0.083918331564802,0,0,-0.0326821898323623
108,SAU,Saudi Arabia,210,7/28/20,-0.156602169739839,0,-0.092599548289173,-0.0435762531098165,0,0,-0.0204263683408498,-0.0195752698119769,0,0,-0.0032341748957958,0,0,-0.0163410949161811,-0.255499847280525,0,-0.138899325883361,-0.083918331564802,0,0,-0.0326821898323623
108,SAU,Saudi Arabia,211,7/29/20,-0.156602169739839,0,-0.092599548289173,-0.0435762531098165,0,0,-0.0204263683408498,-0.0195752698119769,0,0,-0.0032341748957958,0,0,-0.0163410949161811,-0.255499847280525,0,-0.138899325883361,-0.083918331564802,0,0,-0.0326821898323623
108,SAU,Saudi Arabia,212,7/30/20,-0.156602169739839,0,-0.092599548289173,-0.0435762531098165,0,0,-0.0204263683408498,-0.0195752698119769,0,0,-0.0032341748957958,0,0,-0.0163410949161811,-0.255499847280525,0,-0.138899325883361,-0.083918331564802,0,0,-0.0326821898323623
108,SAU,Saudi Arabia,213,7/31/20,-0.156602169739839,0,-0.092599548289173,-0.0435762531098165,0,0,-0.0204263683408498,-0.0195752698119769,0,0,-0.0032341748957958,0,0,-0.0163410949161811,-0.255499847280525,0,-0.138899325883361,-0.083918331564802,0,0,-0.0326821898323623
108,SAU,Saudi Arabia,214,8/1/20,-0.156602169739839,0,-0.092599548289173,-0.0435762531098165,0,0,-0.0204263683408498,-0.0195752698119769,0,0,-0.0032341748957958,0,0,-0.0163410949161811,-0.255499847280525,0,-0.138899325883361,-0.083918331564802,0,0,-0.0326821898323623
108,SAU,Saudi Arabia,215,8/2/20,-0.156602169739839,0,-0.092599548289173,-0.0435762531098165,0,0,-0.0204263683408498,-0.0195752698119769,0,0,-0.0032341748957958,0,0,-0.0163410949161811,-0.255499847280525,0,-0.138899325883361,-0.083918331564802,0,0,-0.0326821898323623
108,SAU,Saudi Arabia,216,8/3/20,-0.156602169739839,0,-0.092599548289173,-0.0435762531098165,0,0,-0.0204263683408498,-0.0195752698119769,0,0,-0.0032341748957958,0,0,-0.0163410949161811,-0.255499847280525,0,-0.138899325883361,-0.083918331564802,0,0,-0.0326821898323623
108,SAU,Saudi Arabia,217,8/4/20,-0.156602169739839,0,-0.092599548289173,-0.0435762531098165,0,0,-0.0204263683408498,-0.0195752698119769,0,0,-0.0032341748957958,0,0,-0.0163410949161811,-0.255499847280525,0,-0.138899325883361,-0.083918331564802,0,0,-0.0326821898323623
108,SAU,Saudi Arabia,218,8/5/20,-0.156602169739839,0,-0.092599548289173,-0.0435762531098165,0,0,-0.0204263683408498,-0.0195752698119769,0,0,-0.0032341748957958,0,0,-0.0163410949161811,-0.255499847280525,0,-0.138899325883361,-0.083918331564802,0,0,-0.0326821898323623
108,SAU,Saudi Arabia,219,8/6/20,-0.156602169739839,0,-0.092599548289173,-0.0435762531098165,0,0,-0.0204263683408498,-0.0195752698119769,0,0,-0.0032341748957958,0,0,-0.0163410949161811,-0.255499847280525,0,-0.138899325883361,-0.083918331564802,0,0,-0.0326821898323623
108,SAU,Saudi Arabia,220,8/7/20,-0.156602169739839,0,-0.092599548289173,-0.0435762531098165,0,0,-0.0204263683408498,-0.0195752698119769,0,0,-0.0032341748957958,0,0,-0.0163410949161811,-0.255499847280525,0,-0.138899325883361,-0.083918331564802,0,0,-0.0326821898323623
108,SAU,Saudi Arabia,221,8/8/20,-0.156602169739839,0,-0.092599548289173,-0.0435762531098165,0,0,-0.0204263683408498,-0.0195752698119769,0,0,-0.0032341748957958,0,0,-0.0163410949161811,-0.255499847280525,0,-0.138899325883361,-0.083918331564802,0,0,-0.0326821898323623
108,SAU,Saudi Arabia,222,8/9/20,-0.156602169739839,0,-0.092599548289173,-0.0435762531098165,0,0,-0.0204263683408498,-0.0195752698119769,0,0,-0.0032341748957958,0,0,-0.0163410949161811,-0.255499847280525,0,-0.138899325883361,-0.083918331564802,0,0,-0.0326821898323623
108,SAU,Saudi Arabia,223,8/10/20,-0.156602169739839,0,-0.092599548289173,-0.0435762531098165,0,0,-0.0204263683408498,-0.0195752698119769,0,0,-0.0032341748957958,0,0,-0.0163410949161811,-0.255499847280525,0,-0.138899325883361,-0.083918331564802,0,0,-0.0326821898323623
108,SAU,Saudi Arabia,224,8/11/20,-0.156602169739839,0,-0.092599548289173,-0.0435762531098165,0,0,-0.0204263683408498,-0.0195752698119769,0,0,-0.0032341748957958,0,0,-0.0163410949161811,-0.255499847280525,0,-0.138899325883361,-0.083918331564802,0,0,-0.0326821898323623
108,SAU,Saudi Arabia,225,8/12/20,-0.156602169739839,0,-0.092599548289173,-0.0435762531098165,0,0,-0.0204263683408498,-0.0195752698119769,0,0,-0.0032341748957958,0,0,-0.0163410949161811,-0.255499847280525,0,-0.138899325883361,-0.083918331564802,0,0,-0.0326821898323623
108,SAU,Saudi Arabia,226,8/13/20,-0.156602169739839,0,-0.092599548289173,-0.0435762531098165,0,0,-0.0204263683408498,-0.0195752698119769,0,0,-0.0032341748957958,0,0,-0.0163410949161811,-0.255499847280525,0,-0.138899325883361,-0.083918331564802,0,0,-0.0326821898323623
108,SAU,Saudi Arabia,227,8/14/20,-0.156602169739839,0,-0.092599548289173,-0.0435762531098165,0,0,-0.0204263683408498,-0.0195752698119769,0,0,-0.0032341748957958,0,0,-0.0163410949161811,-0.255499847280525,0,-0.138899325883361,-0.083918331564802,0,0,-0.0326821898323623
108,SAU,Saudi Arabia,228,8/15/20,-0.156602169739839,0,-0.092599548289173,-0.0435762531098165,0,0,-0.0204263683408498,-0.0195752698119769,0,0,-0.0032341748957958,0,0,-0.0163410949161811,-0.255499847280525,0,-0.138899325883361,-0.083918331564802,0,0,-0.0326821898323623
108,SAU,Saudi Arabia,229,8/16/20,-0.156602169739839,0,-0.092599548289173,-0.0435762531098165,0,0,-0.0204263683408498,-0.0195752698119769,0,0,-0.0032341748957958,0,0,-0.0163410949161811,-0.255499847280525,0,-0.138899325883361,-0.083918331564802,0,0,-0.0326821898323623
108,SAU,Saudi Arabia,230,8/17/20,-0.156602169739839,0,-0.092599548289173,-0.0435762531098165,0,0,-0.0204263683408498,-0.0195752698119769,0,0,-0.0032341748957958,0,0,-0.0163410949161811,-0.255499847280525,0,-0.138899325883361,-0.083918331564802,0,0,-0.0326821898323623
108,SAU,Saudi Arabia,231,8/18/20,-0.156602169739839,0,-0.092599548289173,-0.0435762531098165,0,0,-0.0204263683408498,-0.0195752698119769,0,0,-0.0032341748957958,0,0,-0.0163410949161811,-0.255499847280525,0,-0.138899325883361,-0.083918331564802,0,0,-0.0326821898323623
108,SAU,Saudi Arabia,232,8/19/20,-0.156602169739839,0,-0.092599548289173,-0.0435762531098165,0,0,-0.0204263683408498,-0.0195752698119769,0,0,-0.0032341748957958,0,0,-0.0163410949161811,-0.255499847280525,0,-0.138899325883361,-0.083918331564802,0,0,-0.0326821898323623
108,SAU,Saudi Arabia,233,8/20/20,-0.156602169739839,0,-0.092599548289173,-0.0435762531098165,0,0,-0.0204263683408498,-0.0195752698119769,0,0,-0.0032341748957958,0,0,-0.0163410949161811,-0.255499847280525,0,-0.138899325883361,-0.083918331564802,0,0,-0.0326821898323623
108,SAU,Saudi Arabia,234,8/21/20,-0.156602169739839,0,-0.092599548289173,-0.0435762531098165,0,0,-0.0204263683408498,-0.0195752698119769,0,0,-0.0032341748957958,0,0,-0.0163410949161811,-0.255499847280525,0,-0.138899325883361,-0.083918331564802,0,0,-0.0326821898323623
108,SAU,Saudi Arabia,235,8/22/20,-0.156602169739839,0,-0.092599548289173,-0.0435762531098165,0,0,-0.0204263683408498,-0.0195752698119769,0,0,-0.0032341748957958,0,0,-0.0163410949161811,-0.255499847280525,0,-0.138899325883361,-0.083918331564802,0,0,-0.0326821898323623
108,SAU,Saudi Arabia,236,8/23/20,-0.156602169739839,0,-0.092599548289173,-0.0435762531098165,0,0,-0.0204263683408498,-0.0195752698119769,0,0,-0.0032341748957958,0,0,-0.0163410949161811,-0.255499847280525,0,-0.138899325883361,-0.083918331564802,0,0,-0.0326821898323623
108,SAU,Saudi Arabia,237,8/24/20,-0.156602169739839,0,-0.092599548289173,-0.0435762531098165,0,0,-0.0204263683408498,-0.0195752698119769,0,0,-0.0032341748957958,0,0,-0.0163410949161811,-0.255499847280525,0,-0.138899325883361,-0.083918331564802,0,0,-0.0326821898323623
108,SAU,Saudi Arabia,238,8/25/20,-0.156602169739839,0,-0.092599548289173,-0.0435762531098165,0,0,-0.0204263683408498,-0.0195752698119769,0,0,-0.0032341748957958,0,0,-0.0163410949161811,-0.255499847280525,0,-0.138899325883361,-0.083918331564802,0,0,-0.0326821898323623
108,SAU,Saudi Arabia,239,8/26/20,-0.156602169739839,0,-0.092599548289173,-0.0435762531098165,0,0,-0.0204263683408498,-0.0195752698119769,0,0,-0.0032341748957958,0,0,-0.0163410949161811,-0.255499847280525,0,-0.138899325883361,-0.083918331564802,0,0,-0.0326821898323623
108,SAU,Saudi Arabia,240,8/27/20,-0.156602169739839,0,-0.092599548289173,-0.0435762531098165,0,0,-0.0204263683408498,-0.0195752698119769,0,0,-0.0032341748957958,0,0,-0.0163410949161811,-0.255499847280525,0,-0.138899325883361,-0.083918331564802,0,0,-0.0326821898323623
108,SAU,Saudi Arabia,241,8/28/20,-0.156602169739839,0,-0.092599548289173,-0.0435762531098165,0,0,-0.0204263683408498,-0.0195752698119769,0,0,-0.0032341748957958,0,0,-0.0163410949161811,-0.255499847280525,0,-0.138899325883361,-0.083918331564802,0,0,-0.0326821898323623
108,SAU,Saudi Arabia,242,8/29/20,-0.156602169739839,0,-0.092599548289173,-0.0435762531098165,0,0,-0.0204263683408498,-0.0195752698119769,0,0,-0.0032341748957958,0,0,-0.0163410949161811,-0.255499847280525,0,-0.138899325883361,-0.083918331564802,0,0,-0.0326821898323623
108,SAU,Saudi Arabia,243,8/30/20,-0.156602169739839,0,-0.092599548289173,-0.0435762531098165,0,0,-0.0204263683408498,-0.0195752698119769,0,0,-0.0032341748957958,0,0,-0.0163410949161811,-0.255499847280525,0,-0.138899325883361,-0.083918331564802,0,0,-0.0326821898323623
108,SAU,Saudi Arabia,244,8/31/20,-0.156602169739839,0,-0.092599548289173,-0.0435762531098165,0,0,-0.0204263683408498,-0.0195752698119769,0,0,-0.0032341748957958,0,0,-0.0163410949161811,-0.255499847280525,0,-0.138899325883361,-0.083918331564802,0,0,-0.0326821898323623
108,SAU,Saudi Arabia,245,9/1/20,-0.156602169739839,0,-0.092599548289173,-0.0435762531098165,0,0,-0.0204263683408498,-0.0195752698119769,0,0,-0.0032341748957958,0,0,-0.0163410949161811,-0.255499847280525,0,-0.138899325883361,-0.083918331564802,0,0,-0.0326821898323623
108,SAU,Saudi Arabia,246,9/2/20,-0.156602169739839,0,-0.092599548289173,-0.0435762531098165,0,0,-0.0204263683408498,-0.0195752698119769,0,0,-0.0032341748957958,0,0,-0.0163410949161811,-0.255499847280525,0,-0.138899325883361,-0.083918331564802,0,0,-0.0326821898323623
108,SAU,Saudi Arabia,247,9/3/20,-0.156602169739839,0,-0.092599548289173,-0.0435762531098165,0,0,-0.0204263683408498,-0.0195752698119769,0,0,-0.0032341748957958,0,0,-0.0163410949161811,-0.255499847280525,0,-0.138899325883361,-0.083918331564802,0,0,-0.0326821898323623
108,SAU,Saudi Arabia,248,9/4/20,-0.156602169739839,0,-0.092599548289173,-0.0435762531098165,0,0,-0.0204263683408498,-0.0195752698119769,0,0,-0.0032341748957958,0,0,-0.0163410949161811,-0.255499847280525,0,-0.138899325883361,-0.083918331564802,0,0,-0.0326821898323623
108,SAU,Saudi Arabia,249,9/5/20,-0.156602169739839,0,-0.092599548289173,-0.0435762531098165,0,0,-0.0204263683408498,-0.0195752698119769,0,0,-0.0032341748957958,0,0,-0.0163410949161811,-0.255499847280525,0,-0.138899325883361,-0.083918331564802,0,0,-0.0326821898323623
108,SAU,Saudi Arabia,250,9/6/20,-0.156602169739839,0,-0.092599548289173,-0.0435762531098165,0,0,-0.0204263683408498,-0.0195752698119769,0,0,-0.0032341748957958,0,0,-0.0163410949161811,-0.255499847280525,0,-0.138899325883361,-0.083918331564802,0,0,-0.0326821898323623
108,SAU,Saudi Arabia,251,9/7/20,-0.156602169739839,0,-0.092599548289173,-0.0435762531098165,0,0,-0.0204263683408498,-0.0195752698119769,0,0,-0.0032341748957958,0,0,-0.0163410949161811,-0.255499847280525,0,-0.138899325883361,-0.083918331564802,0,0,-0.0326821898323623
108,SAU,Saudi Arabia,252,9/8/20,-0.156602169739839,0,-0.092599548289173,-0.0435762531098165,0,0,-0.0204263683408498,-0.0195752698119769,0,0,-0.0032341748957958,0,0,-0.0163410949161811,-0.255499847280525,0,-0.138899325883361,-0.083918331564802,0,0,-0.0326821898323623
108,SAU,Saudi Arabia,253,9/9/20,-0.156602169739839,0,-0.092599548289173,-0.0435762531098165,0,0,-0.0204263683408498,-0.0195752698119769,0,0,-0.0032341748957958,0,0,-0.0163410949161811,-0.255499847280525,0,-0.138899325883361,-0.083918331564802,0,0,-0.0326821898323623
108,SAU,Saudi Arabia,254,9/10/20,-0.156602169739839,0,-0.092599548289173,-0.0435762531098165,0,0,-0.0204263683408498,-0.0195752698119769,0,0,-0.0032341748957958,0,0,-0.0163410949161811,-0.255499847280525,0,-0.138899325883361,-0.083918331564802,0,0,-0.0326821898323623
108,SAU,Saudi Arabia,255,9/11/20,-0.156602169739839,0,-0.092599548289173,-0.0435762531098165,0,0,-0.0204263683408498,-0.0195752698119769,0,0,-0.0032341748957958,0,0,-0.0163410949161811,-0.255499847280525,0,-0.138899325883361,-0.083918331564802,0,0,-0.0326821898323623
108,SAU,Saudi Arabia,256,9/12/20,-0.156602169739839,0,-0.092599548289173,-0.0435762531098165,0,0,-0.0204263683408498,-0.0195752698119769,0,0,-0.0032341748957958,0,0,-0.0163410949161811,-0.255499847280525,0,-0.138899325883361,-0.083918331564802,0,0,-0.0326821898323623
108,SAU,Saudi Arabia,257,9/13/20,-0.156602169739839,0,-0.092599548289173,-0.0435762531098165,0,0,-0.0204263683408498,-0.0195752698119769,0,0,-0.0032341748957958,0,0,-0.0163410949161811,-0.255499847280525,0,-0.138899325883361,-0.083918331564802,0,0,-0.0326821898323623
108,SAU,Saudi Arabia,258,9/14/20,-0.156602169739839,0,-0.092599548289173,-0.0435762531098165,0,0,-0.0204263683408498,-0.0195752698119769,0,0,-0.0032341748957958,0,0,-0.0163410949161811,-0.255499847280525,0,-0.138899325883361,-0.083918331564802,0,0,-0.0326821898323623
108,SAU,Saudi Arabia,259,9/15/20,-0.156602169739839,0,-0.092599548289173,-0.0435762531098165,0,0,-0.0204263683408498,-0.0195752698119769,0,0,-0.0032341748957958,0,0,-0.0163410949161811,-0.255499847280525,0,-0.138899325883361,-0.083918331564802,0,0,-0.0326821898323623
108,SAU,Saudi Arabia,260,9/16/20,-0.156602169739839,0,-0.092599548289173,-0.0435762531098165,0,0,-0.0204263683408498,-0.0195752698119769,0,0,-0.0032341748957958,0,0,-0.0163410949161811,-0.255499847280525,0,-0.138899325883361,-0.083918331564802,0,0,-0.0326821898323623
108,SAU,Saudi Arabia,261,9/17/20,-0.156602169739839,0,-0.092599548289173,-0.0435762531098165,0,0,-0.0204263683408498,-0.0195752698119769,0,0,-0.0032341748957958,0,0,-0.0163410949161811,-0.255499847280525,0,-0.138899325883361,-0.083918331564802,0,0,-0.0326821898323623
108,SAU,Saudi Arabia,262,9/18/20,-0.156602169739839,0,-0.092599548289173,-0.0435762531098165,0,0,-0.0204263683408498,-0.0195752698119769,0,0,-0.0032341748957958,0,0,-0.0163410949161811,-0.255499847280525,0,-0.138899325883361,-0.083918331564802,0,0,-0.0326821898323623
108,SAU,Saudi Arabia,263,9/19/20,-0.156602169739839,0,-0.092599548289173,-0.0435762531098165,0,0,-0.0204263683408498,-0.0195752698119769,0,0,-0.0032341748957958,0,0,-0.0163410949161811,-0.255499847280525,0,-0.138899325883361,-0.083918331564802,0,0,-0.0326821898323623
108,SAU,Saudi Arabia,264,9/20/20,-0.156602169739839,0,-0.092599548289173,-0.0435762531098165,0,0,-0.0204263683408498,-0.0195752698119769,0,0,-0.0032341748957958,0,0,-0.0163410949161811,-0.255499847280525,0,-0.138899325883361,-0.083918331564802,0,0,-0.0326821898323623
108,SAU,Saudi Arabia,265,9/21/20,-0.156602169739839,0,-0.092599548289173,-0.0435762531098165,0,0,-0.0204263683408498,-0.0195752698119769,0,0,-0.0032341748957958,0,0,-0.0163410949161811,-0.255499847280525,0,-0.138899325883361,-0.083918331564802,0,0,-0.0326821898323623
108,SAU,Saudi Arabia,266,9/22/20,-0.156602169739839,0,-0.092599548289173,-0.0435762531098165,0,0,-0.0204263683408498,-0.0195752698119769,0,0,-0.0032341748957958,0,0,-0.0163410949161811,-0.255499847280525,0,-0.138899325883361,-0.083918331564802,0,0,-0.0326821898323623
108,SAU,Saudi Arabia,267,9/23/20,-0.156602169739839,0,-0.092599548289173,-0.0435762531098165,0,0,-0.0204263683408498,-0.0195752698119769,0,0,-0.0032341748957958,0,0,-0.0163410949161811,-0.255499847280525,0,-0.138899325883361,-0.083918331564802,0,0,-0.0326821898323623
108,SAU,Saudi Arabia,268,9/24/20,-0.156602169739839,0,-0.092599548289173,-0.0435762531098165,0,0,-0.0204263683408498,-0.0195752698119769,0,0,-0.0032341748957958,0,0,-0.0163410949161811,-0.255499847280525,0,-0.138899325883361,-0.083918331564802,0,0,-0.0326821898323623
108,SAU,Saudi Arabia,269,9/25/20,-0.156602169739839,0,-0.092599548289173,-0.0435762531098165,0,0,-0.0204263683408498,-0.0195752698119769,0,0,-0.0032341748957958,0,0,-0.0163410949161811,-0.255499847280525,0,-0.138899325883361,-0.083918331564802,0,0,-0.0326821898323623
108,SAU,Saudi Arabia,270,9/26/20,-0.156602169739839,0,-0.092599548289173,-0.0435762531098165,0,0,-0.0204263683408498,-0.0195752698119769,0,0,-0.0032341748957958,0,0,-0.0163410949161811,-0.255499847280525,0,-0.138899325883361,-0.083918331564802,0,0,-0.0326821898323623
108,SAU,Saudi Arabia,271,9/27/20,-0.156602169739839,0,-0.092599548289173,-0.0435762531098165,0,0,-0.0204263683408498,-0.0195752698119769,0,0,-0.0032341748957958,0,0,-0.0163410949161811,-0.255499847280525,0,-0.138899325883361,-0.083918331564802,0,0,-0.0326821898323623
108,SAU,Saudi Arabia,272,9/28/20,-0.156602169739839,0,-0.092599548289173,-0.0435762531098165,0,0,-0.0204263683408498,-0.0195752698119769,0,0,-0.0032341748957958,0,0,-0.0163410949161811,-0.255499847280525,0,-0.138899325883361,-0.083918331564802,0,0,-0.0326821898323623
108,SAU,Saudi Arabia,273,9/29/20,-0.156602169739839,0,-0.092599548289173,-0.0435762531098165,0,0,-0.0204263683408498,-0.0195752698119769,0,0,-0.0032341748957958,0,0,-0.0163410949161811,-0.255499847280525,0,-0.138899325883361,-0.083918331564802,0,0,-0.0326821898323623
108,SAU,Saudi Arabia,274,9/30/20,-0.156602169739839,0,-0.092599548289173,-0.0435762531098165,0,0,-0.0204263683408498,-0.0195752698119769,0,0,-0.0032341748957958,0,0,-0.0163410949161811,-0.255499847280525,0,-0.138899325883361,-0.083918331564802,0,0,-0.0326821898323623
108,SAU,Saudi Arabia,275,10/1/20,-0.156602169739839,0,-0.092599548289173,-0.0435762531098165,0,0,-0.0204263683408498,-0.0195752698119769,0,0,-0.0032341748957958,0,0,-0.0163410949161811,-0.255499847280525,0,-0.138899325883361,-0.083918331564802,0,0,-0.0326821898323623
108,SAU,Saudi Arabia,276,10/2/20,-0.156602169739839,0,-0.092599548289173,-0.0435762531098165,0,0,-0.0204263683408498,-0.0195752698119769,0,0,-0.0032341748957958,0,0,-0.0163410949161811,-0.255499847280525,0,-0.138899325883361,-0.083918331564802,0,0,-0.0326821898323623
108,SAU,Saudi Arabia,277,10/3/20,-0.156602169739839,0,-0.092599548289173,-0.0435762531098165,0,0,-0.0204263683408498,-0.0195752698119769,0,0,-0.0032341748957958,0,0,-0.0163410949161811,-0.255499847280525,0,-0.138899325883361,-0.083918331564802,0,0,-0.0326821898323623
108,SAU,Saudi Arabia,278,10/4/20,-0.156602169739839,0,-0.092599548289173,-0.0435762531098165,0,0,-0.0204263683408498,-0.0195752698119769,0,0,-0.0032341748957958,0,0,-0.0163410949161811,-0.255499847280525,0,-0.138899325883361,-0.083918331564802,0,0,-0.0326821898323623
108,SAU,Saudi Arabia,279,10/5/20,-0.156602169739839,0,-0.092599548289173,-0.0435762531098165,0,0,-0.0204263683408498,-0.0195752698119769,0,0,-0.0032341748957958,0,0,-0.0163410949161811,-0.255499847280525,0,-0.138899325883361,-0.083918331564802,0,0,-0.0326821898323623
108,SAU,Saudi Arabia,280,10/6/20,-0.156602169739839,0,-0.092599548289173,-0.0435762531098165,0,0,-0.0204263683408498,-0.0195752698119769,0,0,-0.0032341748957958,0,0,-0.0163410949161811,-0.255499847280525,0,-0.138899325883361,-0.083918331564802,0,0,-0.0326821898323623
108,SAU,Saudi Arabia,281,10/7/20,-0.156602169739839,0,-0.092599548289173,-0.0435762531098165,0,0,-0.0204263683408498,-0.0195752698119769,0,0,-0.0032341748957958,0,0,-0.0163410949161811,-0.255499847280525,0,-0.138899325883361,-0.083918331564802,0,0,-0.0326821898323623
108,SAU,Saudi Arabia,282,10/8/20,-0.156602169739839,0,-0.092599548289173,-0.0435762531098165,0,0,-0.0204263683408498,-0.0195752698119769,0,0,-0.0032341748957958,0,0,-0.0163410949161811,-0.255499847280525,0,-0.138899325883361,-0.083918331564802,0,0,-0.0326821898323623
108,SAU,Saudi Arabia,283,10/9/20,-0.156602169739839,0,-0.092599548289173,-0.0435762531098165,0,0,-0.0204263683408498,-0.0195752698119769,0,0,-0.0032341748957958,0,0,-0.0163410949161811,-0.255499847280525,0,-0.138899325883361,-0.083918331564802,0,0,-0.0326821898323623
108,SAU,Saudi Arabia,284,10/10/20,-0.156602169739839,0,-0.092599548289173,-0.0435762531098165,0,0,-0.0204263683408498,-0.0195752698119769,0,0,-0.0032341748957958,0,0,-0.0163410949161811,-0.255499847280525,0,-0.138899325883361,-0.083918331564802,0,0,-0.0326821898323623
108,SAU,Saudi Arabia,285,10/11/20,-0.156602169739839,0,-0.092599548289173,-0.0435762531098165,0,0,-0.0204263683408498,-0.0195752698119769,0,0,-0.0032341748957958,0,0,-0.0163410949161811,-0.255499847280525,0,-0.138899325883361,-0.083918331564802,0,0,-0.0326821898323623
108,SAU,Saudi Arabia,286,10/12/20,-0.156602169739839,0,-0.092599548289173,-0.0435762531098165,0,0,-0.0204263683408498,-0.0195752698119769,0,0,-0.0032341748957958,0,0,-0.0163410949161811,-0.255499847280525,0,-0.138899325883361,-0.083918331564802,0,0,-0.0326821898323623
108,SAU,Saudi Arabia,287,10/13/20,-0.156602169739839,0,-0.092599548289173,-0.0435762531098165,0,0,-0.0204263683408498,-0.0195752698119769,0,0,-0.0032341748957958,0,0,-0.0163410949161811,-0.255499847280525,0,-0.138899325883361,-0.083918331564802,0,0,-0.0326821898323623
108,SAU,Saudi Arabia,288,10/14/20,-0.156602169739839,0,-0.092599548289173,-0.0435762531098165,0,0,-0.0204263683408498,-0.0195752698119769,0,0,-0.0032341748957958,0,0,-0.0163410949161811,-0.255499847280525,0,-0.138899325883361,-0.083918331564802,0,0,-0.0326821898323623
108,SAU,Saudi Arabia,289,10/15/20,-0.156602169739839,0,-0.092599548289173,-0.0435762531098165,0,0,-0.0204263683408498,-0.0195752698119769,0,0,-0.0032341748957958,0,0,-0.0163410949161811,-0.255499847280525,0,-0.138899325883361,-0.083918331564802,0,0,-0.0326821898323623
108,SAU,Saudi Arabia,290,10/16/20,-0.156602169739839,0,-0.092599548289173,-0.0435762531098165,0,0,-0.0204263683408498,-0.0195752698119769,0,0,-0.0032341748957958,0,0,-0.0163410949161811,-0.255499847280525,0,-0.138899325883361,-0.083918331564802,0,0,-0.0326821898323623
108,SAU,Saudi Arabia,291,10/17/20,-0.156602169739839,0,-0.092599548289173,-0.0435762531098165,0,0,-0.0204263683408498,-0.0195752698119769,0,0,-0.0032341748957958,0,0,-0.0163410949161811,-0.255499847280525,0,-0.138899325883361,-0.083918331564802,0,0,-0.0326821898323623
108,SAU,Saudi Arabia,292,10/18/20,-0.156602169739839,0,-0.092599548289173,-0.0435762531098165,0,0,-0.0204263683408498,-0.0195752698119769,0,0,-0.0032341748957958,0,0,-0.0163410949161811,-0.255499847280525,0,-0.138899325883361,-0.083918331564802,0,0,-0.0326821898323623
108,SAU,Saudi Arabia,293,10/19/20,-0.156602169739839,0,-0.092599548289173,-0.0435762531098165,0,0,-0.0204263683408498,-0.0195752698119769,0,0,-0.0032341748957958,0,0,-0.0163410949161811,-0.255499847280525,0,-0.138899325883361,-0.083918331564802,0,0,-0.0326821898323623
108,SAU,Saudi Arabia,294,10/20/20,-0.156602169739839,0,-0.092599548289173,-0.0435762531098165,0,0,-0.0204263683408498,-0.0195752698119769,0,0,-0.0032341748957958,0,0,-0.0163410949161811,-0.255499847280525,0,-0.138899325883361,-0.083918331564802,0,0,-0.0326821898323623
108,SAU,Saudi Arabia,295,10/21/20,-0.156602169739839,0,-0.092599548289173,-0.0435762531098165,0,0,-0.0204263683408498,-0.0195752698119769,0,0,-0.0032341748957958,0,0,-0.0163410949161811,-0.255499847280525,0,-0.138899325883361,-0.083918331564802,0,0,-0.0326821898323623
108,SAU,Saudi Arabia,296,10/22/20,-0.156602169739839,0,-0.092599548289173,-0.0435762531098165,0,0,-0.0204263683408498,-0.0195752698119769,0,0,-0.0032341748957958,0,0,-0.0163410949161811,-0.255499847280525,0,-0.138899325883361,-0.083918331564802,0,0,-0.0326821898323623
108,SAU,Saudi Arabia,297,10/23/20,-0.156602169739839,0,-0.092599548289173,-0.0435762531098165,0,0,-0.0204263683408498,-0.0195752698119769,0,0,-0.0032341748957958,0,0,-0.0163410949161811,-0.255499847280525,0,-0.138899325883361,-0.083918331564802,0,0,-0.0326821898323623
108,SAU,Saudi Arabia,298,10/24/20,-0.156602169739839,0,-0.092599548289173,-0.0435762531098165,0,0,-0.0204263683408498,-0.0195752698119769,0,0,-0.0032341748957958,0,0,-0.0163410949161811,-0.255499847280525,0,-0.138899325883361,-0.083918331564802,0,0,-0.0326821898323623
108,SAU,Saudi Arabia,299,10/25/20,-0.156602169739839,0,-0.092599548289173,-0.0435762531098165,0,0,-0.0204263683408498,-0.0195752698119769,0,0,-0.0032341748957958,0,0,-0.0163410949161811,-0.255499847280525,0,-0.138899325883361,-0.083918331564802,0,0,-0.0326821898323623
108,SAU,Saudi Arabia,300,10/26/20,-0.156602169739839,0,-0.092599548289173,-0.0435762531098165,0,0,-0.0204263683408498,-0.0195752698119769,0,0,-0.0032341748957958,0,0,-0.0163410949161811,-0.255499847280525,0,-0.138899325883361,-0.083918331564802,0,0,-0.0326821898323623
108,SAU,Saudi Arabia,301,10/27/20,-0.156602169739839,0,-0.092599548289173,-0.0435762531098165,0,0,-0.0204263683408498,-0.0195752698119769,0,0,-0.0032341748957958,0,0,-0.0163410949161811,-0.255499847280525,0,-0.138899325883361,-0.083918331564802,0,0,-0.0326821898323623
108,SAU,Saudi Arabia,302,10/28/20,-0.156602169739839,0,-0.092599548289173,-0.0435762531098165,0,0,-0.0204263683408498,-0.0195752698119769,0,0,-0.0032341748957958,0,0,-0.0163410949161811,-0.255499847280525,0,-0.138899325883361,-0.083918331564802,0,0,-0.0326821898323623
108,SAU,Saudi Arabia,303,10/29/20,-0.156602169739839,0,-0.092599548289173,-0.0435762531098165,0,0,-0.0204263683408498,-0.0195752698119769,0,0,-0.0032341748957958,0,0,-0.0163410949161811,-0.255499847280525,0,-0.138899325883361,-0.083918331564802,0,0,-0.0326821898323623
108,SAU,Saudi Arabia,304,10/30/20,-0.156602169739839,0,-0.092599548289173,-0.0435762531098165,0,0,-0.0204263683408498,-0.0195752698119769,0,0,-0.0032341748957958,0,0,-0.0163410949161811,-0.255499847280525,0,-0.138899325883361,-0.083918331564802,0,0,-0.0326821898323623
108,SAU,Saudi Arabia,305,10/31/20,-0.156602169739839,0,-0.092599548289173,-0.0435762531098165,0,0,-0.0204263683408498,-0.0195752698119769,0,0,-0.0032341748957958,0,0,-0.0163410949161811,-0.255499847280525,0,-0.138899325883361,-0.083918331564802,0,0,-0.0326821898323623
108,SAU,Saudi Arabia,306,11/1/20,-0.156602169739839,0,-0.092599548289173,-0.0435762531098165,0,0,-0.0204263683408498,-0.0195752698119769,0,0,-0.0032341748957958,0,0,-0.0163410949161811,-0.255499847280525,0,-0.138899325883361,-0.083918331564802,0,0,-0.0326821898323623
108,SAU,Saudi Arabia,307,11/2/20,-0.156602169739839,0,-0.092599548289173,-0.0435762531098165,0,0,-0.0204263683408498,-0.0195752698119769,0,0,-0.0032341748957958,0,0,-0.0163410949161811,-0.255499847280525,0,-0.138899325883361,-0.083918331564802,0,0,-0.0326821898323623
108,SAU,Saudi Arabia,308,11/3/20,-0.156602169739839,0,-0.092599548289173,-0.0435762531098165,0,0,-0.0204263683408498,-0.0195752698119769,0,0,-0.0032341748957958,0,0,-0.0163410949161811,-0.255499847280525,0,-0.138899325883361,-0.083918331564802,0,0,-0.0326821898323623
108,SAU,Saudi Arabia,309,11/4/20,-0.156602169739839,0,-0.092599548289173,-0.0435762531098165,0,0,-0.0204263683408498,-0.0195752698119769,0,0,-0.0032341748957958,0,0,-0.0163410949161811,-0.255499847280525,0,-0.138899325883361,-0.083918331564802,0,0,-0.0326821898323623
108,SAU,Saudi Arabia,310,11/5/20,-0.156602169739839,0,-0.092599548289173,-0.0435762531098165,0,0,-0.0204263683408498,-0.0195752698119769,0,0,-0.0032341748957958,0,0,-0.0163410949161811,-0.255499847280525,0,-0.138899325883361,-0.083918331564802,0,0,-0.0326821898323623
108,SAU,Saudi Arabia,311,11/6/20,-0.156602169739839,0,-0.092599548289173,-0.0435762531098165,0,0,-0.0204263683408498,-0.0195752698119769,0,0,-0.0032341748957958,0,0,-0.0163410949161811,-0.255499847280525,0,-0.138899325883361,-0.083918331564802,0,0,-0.0326821898323623
108,SAU,Saudi Arabia,312,11/7/20,-0.156602169739839,0,-0.092599548289173,-0.0435762531098165,0,0,-0.0204263683408498,-0.0195752698119769,0,0,-0.0032341748957958,0,0,-0.0163410949161811,-0.255499847280525,0,-0.138899325883361,-0.083918331564802,0,0,-0.0326821898323623
108,SAU,Saudi Arabia,313,11/8/20,-0.156602169739839,0,-0.092599548289173,-0.0435762531098165,0,0,-0.0204263683408498,-0.0195752698119769,0,0,-0.0032341748957958,0,0,-0.0163410949161811,-0.255499847280525,0,-0.138899325883361,-0.083918331564802,0,0,-0.0326821898323623
108,SAU,Saudi Arabia,314,11/9/20,-0.156602169739839,0,-0.092599548289173,-0.0435762531098165,0,0,-0.0204263683408498,-0.0195752698119769,0,0,-0.0032341748957958,0,0,-0.0163410949161811,-0.255499847280525,0,-0.138899325883361,-0.083918331564802,0,0,-0.0326821898323623
108,SAU,Saudi Arabia,315,11/10/20,-0.156602169739839,0,-0.092599548289173,-0.0435762531098165,0,0,-0.0204263683408498,-0.0195752698119769,0,0,-0.0032341748957958,0,0,-0.0163410949161811,-0.255499847280525,0,-0.138899325883361,-0.083918331564802,0,0,-0.0326821898323623
108,SAU,Saudi Arabia,316,11/11/20,-0.156602169739839,0,-0.092599548289173,-0.0435762531098165,0,0,-0.0204263683408498,-0.0195752698119769,0,0,-0.0032341748957958,0,0,-0.0163410949161811,-0.255499847280525,0,-0.138899325883361,-0.083918331564802,0,0,-0.0326821898323623
108,SAU,Saudi Arabia,317,11/12/20,-0.156602169739839,0,-0.092599548289173,-0.0435762531098165,0,0,-0.0204263683408498,-0.0195752698119769,0,0,-0.0032341748957958,0,0,-0.0163410949161811,-0.255499847280525,0,-0.138899325883361,-0.083918331564802,0,0,-0.0326821898323623
108,SAU,Saudi Arabia,318,11/13/20,-0.156602169739839,0,-0.092599548289173,-0.0435762531098165,0,0,-0.0204263683408498,-0.0195752698119769,0,0,-0.0032341748957958,0,0,-0.0163410949161811,-0.255499847280525,0,-0.138899325883361,-0.083918331564802,0,0,-0.0326821898323623
108,SAU,Saudi Arabia,319,11/14/20,-0.156602169739839,0,-0.092599548289173,-0.0435762531098165,0,0,-0.0204263683408498,-0.0195752698119769,0,0,-0.0032341748957958,0,0,-0.0163410949161811,-0.255499847280525,0,-0.138899325883361,-0.083918331564802,0,0,-0.0326821898323623
108,SAU,Saudi Arabia,320,11/15/20,-0.156602169739839,0,-0.092599548289173,-0.0435762531098165,0,0,-0.0204263683408498,-0.0195752698119769,0,0,-0.0032341748957958,0,0,-0.0163410949161811,-0.255499847280525,0,-0.138899325883361,-0.083918331564802,0,0,-0.0326821898323623
108,SAU,Saudi Arabia,321,11/16/20,-0.156602169739839,0,-0.092599548289173,-0.0435762531098165,0,0,-0.0204263683408498,-0.0195752698119769,0,0,-0.0032341748957958,0,0,-0.0163410949161811,-0.255499847280525,0,-0.138899325883361,-0.083918331564802,0,0,-0.0326821898323623
108,SAU,Saudi Arabia,322,11/17/20,-0.156602169739839,0,-0.092599548289173,-0.0435762531098165,0,0,-0.0204263683408498,-0.0195752698119769,0,0,-0.0032341748957958,0,0,-0.0163410949161811,-0.255499847280525,0,-0.138899325883361,-0.083918331564802,0,0,-0.0326821898323623
108,SAU,Saudi Arabia,323,11/18/20,-0.156602169739839,0,-0.092599548289173,-0.0435762531098165,0,0,-0.0204263683408498,-0.0195752698119769,0,0,-0.0032341748957958,0,0,-0.0163410949161811,-0.255499847280525,0,-0.138899325883361,-0.083918331564802,0,0,-0.0326821898323623
108,SAU,Saudi Arabia,324,11/19/20,-0.156602169739839,0,-0.092599548289173,-0.0435762531098165,0,0,-0.0204263683408498,-0.0195752698119769,0,0,-0.0032341748957958,0,0,-0.0163410949161811,-0.255499847280525,0,-0.138899325883361,-0.083918331564802,0,0,-0.0326821898323623
108,SAU,Saudi Arabia,325,11/20/20,-0.156602169739839,0,-0.092599548289173,-0.0435762531098165,0,0,-0.0204263683408498,-0.0195752698119769,0,0,-0.0032341748957958,0,0,-0.0163410949161811,-0.255499847280525,0,-0.138899325883361,-0.083918331564802,0,0,-0.0326821898323623
108,SAU,Saudi Arabia,326,11/21/20,-0.156602169739839,0,-0.092599548289173,-0.0435762531098165,0,0,-0.0204263683408498,-0.0195752698119769,0,0,-0.0032341748957958,0,0,-0.0163410949161811,-0.255499847280525,0,-0.138899325883361,-0.083918331564802,0,0,-0.0326821898323623
108,SAU,Saudi Arabia,327,11/22/20,-0.156602169739839,0,-0.092599548289173,-0.0435762531098165,0,0,-0.0204263683408498,-0.0195752698119769,0,0,-0.0032341748957958,0,0,-0.0163410949161811,-0.255499847280525,0,-0.138899325883361,-0.083918331564802,0,0,-0.0326821898323623
108,SAU,Saudi Arabia,328,11/23/20,-0.156602169739839,0,-0.092599548289173,-0.0435762531098165,0,0,-0.0204263683408498,-0.0195752698119769,0,0,-0.0032341748957958,0,0,-0.0163410949161811,-0.255499847280525,0,-0.138899325883361,-0.083918331564802,0,0,-0.0326821898323623
108,SAU,Saudi Arabia,329,11/24/20,-0.156602169739839,0,-0.092599548289173,-0.0435762531098165,0,0,-0.0204263683408498,-0.0195752698119769,0,0,-0.0032341748957958,0,0,-0.0163410949161811,-0.255499847280525,0,-0.138899325883361,-0.083918331564802,0,0,-0.0326821898323623
108,SAU,Saudi Arabia,330,11/25/20,-0.156602169739839,0,-0.092599548289173,-0.0435762531098165,0,0,-0.0204263683408498,-0.0195752698119769,0,0,-0.0032341748957958,0,0,-0.0163410949161811,-0.255499847280525,0,-0.138899325883361,-0.083918331564802,0,0,-0.0326821898323623
108,SAU,Saudi Arabia,331,11/26/20,-0.156602169739839,0,-0.092599548289173,-0.0435762531098165,0,0,-0.0204263683408498,-0.0195752698119769,0,0,-0.0032341748957958,0,0,-0.0163410949161811,-0.255499847280525,0,-0.138899325883361,-0.083918331564802,0,0,-0.0326821898323623
108,SAU,Saudi Arabia,332,11/27/20,-0.156602169739839,0,-0.092599548289173,-0.0435762531098165,0,0,-0.0204263683408498,-0.0195752698119769,0,0,-0.0032341748957958,0,0,-0.0163410949161811,-0.255499847280525,0,-0.138899325883361,-0.083918331564802,0,0,-0.0326821898323623
108,SAU,Saudi Arabia,333,11/28/20,-0.156602169739839,0,-0.092599548289173,-0.0435762531098165,0,0,-0.0204263683408498,-0.0195752698119769,0,0,-0.0032341748957958,0,0,-0.0163410949161811,-0.255499847280525,0,-0.138899325883361,-0.083918331564802,0,0,-0.0326821898323623
108,SAU,Saudi Arabia,334,11/29/20,-0.156602169739839,0,-0.092599548289173,-0.0435762531098165,0,0,-0.0204263683408498,-0.0195752698119769,0,0,-0.0032341748957958,0,0,-0.0163410949161811,-0.255499847280525,0,-0.138899325883361,-0.083918331564802,0,0,-0.0326821898323623
108,SAU,Saudi Arabia,335,11/30/20,-0.156602169739839,0,-0.092599548289173,-0.0435762531098165,0,0,-0.0204263683408498,-0.0195752698119769,0,0,-0.0032341748957958,0,0,-0.0163410949161811,-0.255499847280525,0,-0.138899325883361,-0.083918331564802,0,0,-0.0326821898323623
108,SAU,Saudi Arabia,336,12/1/20,-0.156602169739839,0,-0.092599548289173,-0.0435762531098165,0,0,-0.0204263683408498,-0.0195752698119769,0,0,-0.0032341748957958,0,0,-0.0163410949161811,-0.255499847280525,0,-0.138899325883361,-0.083918331564802,0,0,-0.0326821898323623
108,SAU,Saudi Arabia,337,12/2/20,-0.156602169739839,0,-0.092599548289173,-0.0435762531098165,0,0,-0.0204263683408498,-0.0195752698119769,0,0,-0.0032341748957958,0,0,-0.0163410949161811,-0.255499847280525,0,-0.138899325883361,-0.083918331564802,0,0,-0.0326821898323623
108,SAU,Saudi Arabia,338,12/3/20,-0.156602169739839,0,-0.092599548289173,-0.0435762531098165,0,0,-0.0204263683408498,-0.0195752698119769,0,0,-0.0032341748957958,0,0,-0.0163410949161811,-0.255499847280525,0,-0.138899325883361,-0.083918331564802,0,0,-0.0326821898323623
108,SAU,Saudi Arabia,339,12/4/20,-0.156602169739839,0,-0.092599548289173,-0.0435762531098165,0,0,-0.0204263683408498,-0.0195752698119769,0,0,-0.0032341748957958,0,0,-0.0163410949161811,-0.255499847280525,0,-0.138899325883361,-0.083918331564802,0,0,-0.0326821898323623
108,SAU,Saudi Arabia,340,12/5/20,-0.156602169739839,0,-0.092599548289173,-0.0435762531098165,0,0,-0.0204263683408498,-0.0195752698119769,0,0,-0.0032341748957958,0,0,-0.0163410949161811,-0.255499847280525,0,-0.138899325883361,-0.083918331564802,0,0,-0.0326821898323623
108,SAU,Saudi Arabia,341,12/6/20,-0.156602169739839,0,-0.092599548289173,-0.0435762531098165,0,0,-0.0204263683408498,-0.0195752698119769,0,0,-0.0032341748957958,0,0,-0.0163410949161811,-0.255499847280525,0,-0.138899325883361,-0.083918331564802,0,0,-0.0326821898323623
108,SAU,Saudi Arabia,342,12/7/20,-0.156602169739839,0,-0.092599548289173,-0.0435762531098165,0,0,-0.0204263683408498,-0.0195752698119769,0,0,-0.0032341748957958,0,0,-0.0163410949161811,-0.255499847280525,0,-0.138899325883361,-0.083918331564802,0,0,-0.0326821898323623
108,SAU,Saudi Arabia,343,12/8/20,-0.156602169739839,0,-0.092599548289173,-0.0435762531098165,0,0,-0.0204263683408498,-0.0195752698119769,0,0,-0.0032341748957958,0,0,-0.0163410949161811,-0.255499847280525,0,-0.138899325883361,-0.083918331564802,0,0,-0.0326821898323623
108,SAU,Saudi Arabia,344,12/9/20,-0.156602169739839,0,-0.092599548289173,-0.0435762531098165,0,0,-0.0204263683408498,-0.0195752698119769,0,0,-0.0032341748957958,0,0,-0.0163410949161811,-0.255499847280525,0,-0.138899325883361,-0.083918331564802,0,0,-0.0326821898323623
108,SAU,Saudi Arabia,345,12/10/20,-0.156602169739839,0,-0.092599548289173,-0.0435762531098165,0,0,-0.0204263683408498,-0.0195752698119769,0,0,-0.0032341748957958,0,0,-0.0163410949161811,-0.255499847280525,0,-0.138899325883361,-0.083918331564802,0,0,-0.0326821898323623
108,SAU,Saudi Arabia,346,12/11/20,-0.156602169739839,0,-0.092599548289173,-0.0435762531098165,0,0,-0.0204263683408498,-0.0195752698119769,0,0,-0.0032341748957958,0,0,-0.0163410949161811,-0.255499847280525,0,-0.138899325883361,-0.083918331564802,0,0,-0.0326821898323623
108,SAU,Saudi Arabia,347,12/12/20,-0.156602169739839,0,-0.092599548289173,-0.0435762531098165,0,0,-0.0204263683408498,-0.0195752698119769,0,0,-0.0032341748957958,0,0,-0.0163410949161811,-0.255499847280525,0,-0.138899325883361,-0.083918331564802,0,0,-0.0326821898323623
108,SAU,Saudi Arabia,348,12/13/20,-0.156602169739839,0,-0.092599548289173,-0.0435762531098165,0,0,-0.0204263683408498,-0.0195752698119769,0,0,-0.0032341748957958,0,0,-0.0163410949161811,-0.255499847280525,0,-0.138899325883361,-0.083918331564802,0,0,-0.0326821898323623
108,SAU,Saudi Arabia,349,12/14/20,-0.156602169739839,0,-0.092599548289173,-0.0435762531098165,0,0,-0.0204263683408498,-0.0195752698119769,0,0,-0.0032341748957958,0,0,-0.0163410949161811,-0.255499847280525,0,-0.138899325883361,-0.083918331564802,0,0,-0.0326821898323623
108,SAU,Saudi Arabia,350,12/15/20,-0.156602169739839,0,-0.092599548289173,-0.0435762531098165,0,0,-0.0204263683408498,-0.0195752698119769,0,0,-0.0032341748957958,0,0,-0.0163410949161811,-0.255499847280525,0,-0.138899325883361,-0.083918331564802,0,0,-0.0326821898323623
108,SAU,Saudi Arabia,351,12/16/20,-0.156602169739839,0,-0.092599548289173,-0.0435762531098165,0,0,-0.0204263683408498,-0.0195752698119769,0,0,-0.0032341748957958,0,0,-0.0163410949161811,-0.255499847280525,0,-0.138899325883361,-0.083918331564802,0,0,-0.0326821898323623
108,SAU,Saudi Arabia,352,12/17/20,-0.156602169739839,0,-0.092599548289173,-0.0435762531098165,0,0,-0.0204263683408498,-0.0195752698119769,0,0,-0.0032341748957958,0,0,-0.0163410949161811,-0.255499847280525,0,-0.138899325883361,-0.083918331564802,0,0,-0.0326821898323623
108,SAU,Saudi Arabia,353,12/18/20,-0.156602169739839,0,-0.092599548289173,-0.0435762531098165,0,0,-0.0204263683408498,-0.0195752698119769,0,0,-0.0032341748957958,0,0,-0.0163410949161811,-0.255499847280525,0,-0.138899325883361,-0.083918331564802,0,0,-0.0326821898323623
108,SAU,Saudi Arabia,354,12/19/20,-0.156602169739839,0,-0.092599548289173,-0.0435762531098165,0,0,-0.0204263683408498,-0.0195752698119769,0,0,-0.0032341748957958,0,0,-0.0163410949161811,-0.255499847280525,0,-0.138899325883361,-0.083918331564802,0,0,-0.0326821898323623
108,SAU,Saudi Arabia,355,12/20/20,-0.156602169739839,0,-0.092599548289173,-0.0435762531098165,0,0,-0.0204263683408498,-0.0195752698119769,0,0,-0.0032341748957958,0,0,-0.0163410949161811,-0.255499847280525,0,-0.138899325883361,-0.083918331564802,0,0,-0.0326821898323623
108,SAU,Saudi Arabia,356,12/21/20,-0.156602169739839,0,-0.092599548289173,-0.0435762531098165,0,0,-0.0204263683408498,-0.0195752698119769,0,0,-0.0032341748957958,0,0,-0.0163410949161811,-0.255499847280525,0,-0.138899325883361,-0.083918331564802,0,0,-0.0326821898323623
108,SAU,Saudi Arabia,357,12/22/20,-0.156602169739839,0,-0.092599548289173,-0.0435762531098165,0,0,-0.0204263683408498,-0.0195752698119769,0,0,-0.0032341748957958,0,0,-0.0163410949161811,-0.255499847280525,0,-0.138899325883361,-0.083918331564802,0,0,-0.0326821898323623
108,SAU,Saudi Arabia,358,12/23/20,-0.156602169739839,0,-0.092599548289173,-0.0435762531098165,0,0,-0.0204263683408498,-0.0195752698119769,0,0,-0.0032341748957958,0,0,-0.0163410949161811,-0.255499847280525,0,-0.138899325883361,-0.083918331564802,0,0,-0.0326821898323623
108,SAU,Saudi Arabia,359,12/24/20,-0.156602169739839,0,-0.092599548289173,-0.0435762531098165,0,0,-0.0204263683408498,-0.0195752698119769,0,0,-0.0032341748957958,0,0,-0.0163410949161811,-0.255499847280525,0,-0.138899325883361,-0.083918331564802,0,0,-0.0326821898323623
108,SAU,Saudi Arabia,360,12/25/20,-0.156602169739839,0,-0.092599548289173,-0.0435762531098165,0,0,-0.0204263683408498,-0.0195752698119769,0,0,-0.0032341748957958,0,0,-0.0163410949161811,-0.255499847280525,0,-0.138899325883361,-0.083918331564802,0,0,-0.0326821898323623
108,SAU,Saudi Arabia,361,12/26/20,-0.156602169739839,0,-0.092599548289173,-0.0435762531098165,0,0,-0.0204263683408498,-0.0195752698119769,0,0,-0.0032341748957958,0,0,-0.0163410949161811,-0.255499847280525,0,-0.138899325883361,-0.083918331564802,0,0,-0.0326821898323623
108,SAU,Saudi Arabia,362,12/27/20,-0.156602169739839,0,-0.092599548289173,-0.0435762531098165,0,0,-0.0204263683408498,-0.0195752698119769,0,0,-0.0032341748957958,0,0,-0.0163410949161811,-0.255499847280525,0,-0.138899325883361,-0.083918331564802,0,0,-0.0326821898323623
108,SAU,Saudi Arabia,363,12/28/20,-0.156602169739839,0,-0.092599548289173,-0.0435762531098165,0,0,-0.0204263683408498,-0.0195752698119769,0,0,-0.0032341748957958,0,0,-0.0163410949161811,-0.255499847280525,0,-0.138899325883361,-0.083918331564802,0,0,-0.0326821898323623
108,SAU,Saudi Arabia,364,12/29/20,-0.156602169739839,0,-0.092599548289173,-0.0435762531098165,0,0,-0.0204263683408498,-0.0195752698119769,0,0,-0.0032341748957958,0,0,-0.0163410949161811,-0.255499847280525,0,-0.138899325883361,-0.083918331564802,0,0,-0.0326821898323623
108,SAU,Saudi Arabia,365,12/30/20,-0.156602169739839,0,-0.092599548289173,-0.0435762531098165,0,0,-0.0204263683408498,-0.0195752698119769,0,0,-0.0032341748957958,0,0,-0.0163410949161811,-0.255499847280525,0,-0.138899325883361,-0.083918331564802,0,0,-0.0326821898323623
108,SAU,Saudi Arabia,366,12/31/20,-0.156602169739839,0,-0.092599548289173,-0.0435762531098165,0,0,-0.0204263683408498,-0.0195752698119769,0,0,-0.0032341748957958,0,0,-0.0163410949161811,-0.255499847280525,0,-0.138899325883361,-0.083918331564802,0,0,-0.0326821898323623